outcome_restart_in_72h_on_icu,0,0,0,0,0,0,0,0,0,1,1,1,1,1,1,1,1,1
agg,25%,50%,75%,count,max,mean,min,missing,std,25%,50%,75%,count,max,mean,min,missing,std
feature,,,,,,,,,,,,,,,,,,
ab_duration_full__days,1.5729166666666667,3.7069444444444444,6.673611111111111,2937.0,164.37083333333334,5.7078592573676845,0.0,0.0,7.903987028136122,0.9413194444444444,2.59375,5.659722222222222,708.0,579.0763888888889,5.325796453232893,0.0,0.0,22.58994225451611
ab_duration_shortest_in_last_24h,0.9868055555555556,2.5208333333333335,4.699305555555555,2937.0,79.20138888888889,3.649733287935535,0.0,0.0,4.596672602140794,0.7135416666666667,1.5326388888888889,3.260416666666667,708.0,30.88125,2.497727361895794,0.0,0.0,3.071102540040512
adm_hosp_age,52.0,63.0,71.0,2937.0,94.0,60.031324480762684,18.0,0.0,15.162394303143842,51.75,63.0,70.0,708.0,92.0,59.53813559322034,18.0,0.0,14.80012855648623
adm_hosp_loc__amc__ohe,0.0,1.0,1.0,2937.0,1.0,0.5474974463738509,0.0,0.0,0.4978236375031104,0.0,1.0,1.0,708.0,1.0,0.655367231638418,0.0,0.0,0.47558436401770454
adm_hosp_loc__vumc__ohe,0.0,0.0,1.0,2937.0,1.0,0.4525025536261491,0.0,0.0,0.4978236375031104,0.0,0.0,1.0,708.0,1.0,0.3446327683615819,0.0,0.0,0.47558436401770454
adm_hosp_oper__medical__ohe,0.0,0.0,1.0,2937.0,1.0,0.4603336738168199,0.0,0.0,0.49850897336534433,0.0,0.0,1.0,708.0,1.0,0.4717514124293785,0.0,0.0,0.4995542967497267
adm_hosp_oper__surgical__ohe,0.0,1.0,1.0,2937.0,1.0,0.5396663261831801,0.0,0.0,0.49850897336534433,0.0,1.0,1.0,708.0,1.0,0.5282485875706214,0.0,0.0,0.4995542967497267
adm_hosp_route__elective__ohe,0.0,0.0,1.0,2937.0,1.0,0.2557030983997276,0.0,0.0,0.436329974244631,0.0,0.0,1.0,708.0,1.0,0.2584745762711864,0.0,0.0,0.43810565682037217
adm_hosp_route__unknown__ohe,0.0,0.0,0.0,2937.0,1.0,0.0006809669731018045,0.0,0.0,0.026090899488554725,0.0,0.0,0.0,708.0,1.0,0.0014124293785310734,0.0,0.0,0.03758230140014144
adm_hosp_route__unplanned__ohe,0.0,1.0,1.0,2937.0,1.0,0.7436159346271706,0.0,0.0,0.43671067323409146,0.0,1.0,1.0,708.0,1.0,0.7401129943502824,0.0,0.0,0.43888245464633924
adm_hosp_specialism__8400__ohe,0.0,0.0,0.0,2937.0,1.0,0.027579162410623085,0.0,0.0,0.16379159500908383,0.0,0.0,0.0,708.0,1.0,0.03954802259887006,0.0,0.0,0.19503256670436422
adm_hosp_specialism__car__ohe,0.0,0.0,0.0,2937.0,1.0,0.07933265236636024,0.0,0.0,0.2703032735143262,0.0,0.0,0.0,708.0,1.0,0.11299435028248588,0.0,0.0,0.3168097068429736
adm_hosp_specialism__chi__ohe,0.0,0.0,1.0,2937.0,1.0,0.26115083418454205,0.0,0.0,0.43933676720778947,0.0,0.0,0.0,708.0,1.0,0.2175141242937853,0.0,0.0,0.4128467851099378
adm_hosp_specialism__ctc__ohe,0.0,0.0,0.0,2937.0,1.0,0.057541709227102486,0.0,0.0,0.23291443033844872,0.0,0.0,0.0,708.0,1.0,0.0423728813559322,0.0,0.0,0.20158078799016424
adm_hosp_specialism__int__ohe,0.0,0.0,0.0,2937.0,1.0,0.18692543411644535,0.0,0.0,0.38991804519936646,0.0,0.0,0.0,708.0,1.0,0.21045197740112995,0.0,0.0,0.4079178429208149
adm_hosp_specialism__kin__ohe,0.0,0.0,0.0,2937.0,1.0,0.0010214504596527069,0.0,0.0,0.03194925114479038,0.0,0.0,0.0,708.0,1.0,0.0014124293785310734,0.0,0.0,0.03758230140014144
adm_hosp_specialism__kno__ohe,0.0,0.0,0.0,2937.0,1.0,0.006469186244467144,0.0,0.0,0.08018431904616714,0.0,0.0,0.0,708.0,1.0,0.005649717514124294,0.0,0.0,0.07500496098579215
adm_hosp_specialism__lon__ohe,0.0,0.0,0.0,2937.0,1.0,0.14606741573033707,0.0,0.0,0.35323393006622267,0.0,0.0,0.0,708.0,1.0,0.1483050847457627,0.0,0.0,0.35565340410241986
adm_hosp_specialism__mdl__ohe,0.0,0.0,0.0,2937.0,1.0,0.021109976166155942,0.0,0.0,0.1437754615262657,0.0,0.0,0.0,708.0,1.0,0.02401129943502825,0.0,0.0,0.15319237478117345
adm_hosp_specialism__mka__ohe,0.0,0.0,0.0,2937.0,1.0,0.002383384405856316,0.0,0.0,0.04877000850192248,0.0,0.0,0.0,708.0,0.0,0.0,0.0,0.0,0.0
adm_hosp_specialism__nch__ohe,0.0,0.0,0.0,2937.0,1.0,0.045965270684371805,0.0,0.0,0.20944545996707778,0.0,0.0,0.0,708.0,1.0,0.02401129943502825,0.0,0.0,0.15319237478117345
adm_hosp_specialism__neu__ohe,0.0,0.0,0.0,2937.0,1.0,0.09159005788219271,0.0,0.0,0.28849550690314135,0.0,0.0,0.0,708.0,1.0,0.09322033898305085,0.0,0.0,0.2909465059857019
adm_hosp_specialism__oog__ohe,0.0,0.0,0.0,2937.0,1.0,0.00034048348655090226,0.0,0.0,0.018452194626951624,0.0,0.0,0.0,708.0,0.0,0.0,0.0,0.0,0.0
adm_hosp_specialism__ort__ohe,0.0,0.0,0.0,2937.0,1.0,0.001361933946203609,0.0,0.0,0.03688553001278378,0.0,0.0,0.0,708.0,1.0,0.005649717514124294,0.0,0.0,0.07500496098579215
adm_hosp_specialism__pch__ohe,0.0,0.0,0.0,2937.0,1.0,0.00034048348655090226,0.0,0.0,0.01845219462695162,0.0,0.0,0.0,708.0,0.0,0.0,0.0,0.0,0.0
adm_hosp_specialism__psy__ohe,0.0,0.0,0.0,2937.0,1.0,0.00034048348655090226,0.0,0.0,0.01845219462695162,0.0,0.0,0.0,708.0,0.0,0.0,0.0,0.0,0.0
adm_hosp_specialism__rad__ohe,0.0,0.0,0.0,2937.0,1.0,0.0006809669731018045,0.0,0.0,0.026090899488554725,0.0,0.0,0.0,708.0,0.0,0.0,0.0,0.0,0.0
adm_hosp_specialism__reu__ohe,0.0,0.0,0.0,2937.0,1.0,0.002383384405856316,0.0,0.0,0.04877000850192248,0.0,0.0,0.0,708.0,1.0,0.00847457627118644,0.0,0.0,0.09173136277782103
adm_hosp_specialism__rth__ohe,0.0,0.0,0.0,2937.0,1.0,0.00034048348655090226,0.0,0.0,0.01845219462695162,0.0,0.0,0.0,708.0,0.0,0.0,0.0,0.0,0.0
adm_hosp_specialism__seh__ohe,0.0,0.0,0.0,2937.0,1.0,0.05720122574055159,0.0,0.0,0.23226625623616312,0.0,0.0,0.0,708.0,1.0,0.05508474576271186,0.0,0.0,0.22830689448561678
adm_hosp_specialism__uro__ohe,0.0,0.0,0.0,2937.0,1.0,0.003745318352059925,0.0,0.0,0.06109469549939064,0.0,0.0,0.0,708.0,1.0,0.00423728813559322,0.0,0.0,0.06500231891841378
adm_hosp_specialism__vro__ohe,0.0,0.0,0.0,2937.0,1.0,0.006128702757916241,0.0,0.0,0.07805905712974968,0.0,0.0,0.0,708.0,1.0,0.007062146892655367,0.0,0.0,0.08379851623536391
adm_hosp_subspecialism__card__ohe,0.0,0.0,0.0,2937.0,1.0,0.07933265236636024,0.0,0.0,0.2703032735143262,0.0,0.0,0.0,708.0,1.0,0.11299435028248588,0.0,0.0,0.3168097068429736
adm_hosp_subspecialism__chge__ohe,0.0,0.0,0.0,2937.0,1.0,0.02247191011235955,0.0,0.0,0.1482376648844339,0.0,0.0,0.0,708.0,1.0,0.01694915254237288,0.0,0.0,0.12917215560749876
adm_hosp_subspecialism__chir__ohe,0.0,0.0,0.0,2937.0,1.0,0.06979911474293497,0.0,0.0,0.2548515499117164,0.0,0.0,0.0,708.0,1.0,0.05790960451977401,0.0,0.0,0.2337375618688935
adm_hosp_subspecialism__chlo__ohe,0.0,0.0,0.0,2937.0,1.0,0.005788219271365339,0.0,0.0,0.07587276087037821,0.0,0.0,0.0,708.0,1.0,0.005649717514124294,0.0,0.0,0.07500496098579215
adm_hosp_subspecialism__conc__ohe,0.0,0.0,0.0,2937.0,1.0,0.011235955056179775,0.0,0.0,0.10542054985045288,0.0,0.0,0.0,708.0,1.0,0.007062146892655367,0.0,0.0,0.08379851623536391
adm_hosp_subspecialism__ctch__ohe,0.0,0.0,0.0,2937.0,1.0,0.05549880830779707,0.0,0.0,0.22899027132535216,0.0,0.0,0.0,708.0,1.0,0.0423728813559322,0.0,0.0,0.20158078799016424
adm_hosp_subspecialism__ctck__ohe,0.0,0.0,0.0,2937.0,1.0,0.00034048348655090226,0.0,0.0,0.01845219462695162,0.0,0.0,0.0,708.0,0.0,0.0,0.0,0.0,0.0
adm_hosp_subspecialism__ctcv__ohe,0.0,0.0,0.0,2937.0,1.0,0.0017024174327545114,0.0,0.0,0.041232245427033416,0.0,0.0,0.0,708.0,0.0,0.0,0.0,0.0,0.0
adm_hosp_subspecialism__ctra__ohe,0.0,0.0,0.0,2937.0,1.0,0.12257405515832483,0.0,0.0,0.32800348704647453,0.0,0.0,0.0,708.0,1.0,0.09180790960451977,0.0,0.0,0.2889587360989477
adm_hosp_subspecialism__cvat__ohe,0.0,0.0,0.0,2937.0,1.0,0.029281579843377595,0.0,0.0,0.16862339749186475,0.0,0.0,0.0,708.0,1.0,0.038135593220338986,0.0,0.0,0.19165894900619596
adm_hosp_subspecialism__ic__ohe,0.0,0.0,0.0,2937.0,1.0,0.027579162410623085,0.0,0.0,0.16379159500908383,0.0,0.0,0.0,708.0,1.0,0.03954802259887006,0.0,0.0,0.19503256670436422
adm_hosp_subspecialism__iend__ohe,0.0,0.0,0.0,2937.0,1.0,0.00034048348655090226,0.0,0.0,0.018452194626951624,0.0,0.0,0.0,708.0,0.0,0.0,0.0,0.0,0.0
adm_hosp_subspecialism__ihem__ohe,0.0,0.0,0.0,2937.0,1.0,0.044262853251617294,0.0,0.0,0.20571354275989273,0.0,0.0,0.0,708.0,1.0,0.046610169491525424,0.0,0.0,0.21095145277254043
adm_hosp_subspecialism__iinf__ohe,0.0,0.0,0.0,2937.0,1.0,0.00749063670411985,0.0,0.0,0.08623838624275079,0.0,0.0,0.0,708.0,1.0,0.011299435028248588,0.0,0.0,0.10577125996181332
adm_hosp_subspecialism__inef__ohe,0.0,0.0,0.0,2937.0,1.0,0.008171603677221655,0.0,0.0,0.09004215163332341,0.0,0.0,0.0,708.0,1.0,0.015536723163841809,0.0,0.0,0.12376173694686214
adm_hosp_subspecialism__init__ohe,0.0,0.0,0.0,2937.0,0.0,0.0,0.0,0.0,0.0,0.0,0.0,0.0,708.0,1.0,0.0014124293785310734,0.0,0.0,0.037582301400141446
adm_hosp_subspecialism__inta__ohe,0.0,0.0,0.0,2937.0,1.0,0.12087163772557032,0.0,0.0,0.3260335528608735,0.0,0.0,0.0,708.0,1.0,0.12429378531073447,0.0,0.0,0.3301496529481803
adm_hosp_subspecialism__ionc__ohe,0.0,0.0,0.0,2937.0,1.0,0.005107252298263534,0.0,0.0,0.07129445220611423,0.0,0.0,0.0,708.0,1.0,0.009887005649717515,0.0,0.0,0.09901060021009465
adm_hosp_subspecialism__ioud__ohe,0.0,0.0,0.0,2937.0,1.0,0.00034048348655090226,0.0,0.0,0.01845219462695162,0.0,0.0,0.0,708.0,0.0,0.0,0.0,0.0,0.0
adm_hosp_subspecialism__ivas__ohe,0.0,0.0,0.0,2937.0,1.0,0.00034048348655090226,0.0,0.0,0.01845219462695162,0.0,0.0,0.0,708.0,1.0,0.0014124293785310734,0.0,0.0,0.037582301400141446
adm_hosp_subspecialism__khem__ohe,0.0,0.0,0.0,2937.0,1.0,0.0010214504596527069,0.0,0.0,0.03194925114479038,0.0,0.0,0.0,708.0,1.0,0.0014124293785310734,0.0,0.0,0.03758230140014144
adm_hosp_subspecialism__knoh__ohe,0.0,0.0,0.0,2937.0,1.0,0.006469186244467144,0.0,0.0,0.08018431904616714,0.0,0.0,0.0,708.0,1.0,0.005649717514124294,0.0,0.0,0.07500496098579215
adm_hosp_subspecialism__long__ohe,0.0,0.0,0.0,2937.0,1.0,0.14606741573033707,0.0,0.0,0.35323393006622267,0.0,0.0,0.0,708.0,1.0,0.1483050847457627,0.0,0.0,0.35565340410241986
adm_hosp_subspecialism__mdlz__ohe,0.0,0.0,0.0,2937.0,1.0,0.021109976166155942,0.0,0.0,0.1437754615262657,0.0,0.0,0.0,708.0,1.0,0.02401129943502825,0.0,0.0,0.15319237478117345
adm_hosp_subspecialism__mkaa__ohe,0.0,0.0,0.0,2937.0,1.0,0.002383384405856316,0.0,0.0,0.04877000850192248,0.0,0.0,0.0,708.0,0.0,0.0,0.0,0.0,0.0
adm_hosp_subspecialism__nchi__ohe,0.0,0.0,0.0,2937.0,1.0,0.04324140279196459,0.0,0.0,0.20343469471914127,0.0,0.0,0.0,708.0,1.0,0.02401129943502825,0.0,0.0,0.15319237478117345
adm_hosp_subspecialism__nchv__ohe,0.0,0.0,0.0,2937.0,1.0,0.002723867892407218,0.0,0.0,0.052128434246281725,0.0,0.0,0.0,708.0,0.0,0.0,0.0,0.0,0.0
adm_hosp_subspecialism__neuv__ohe,0.0,0.0,0.0,2937.0,1.0,0.09159005788219271,0.0,0.0,0.28849550690314135,0.0,0.0,0.0,708.0,1.0,0.09322033898305085,0.0,0.0,0.2909465059857019
adm_hosp_subspecialism__oogh__ohe,0.0,0.0,0.0,2937.0,1.0,0.00034048348655090226,0.0,0.0,0.018452194626951624,0.0,0.0,0.0,708.0,0.0,0.0,0.0,0.0,0.0
adm_hosp_subspecialism__orth__ohe,0.0,0.0,0.0,2937.0,1.0,0.001361933946203609,0.0,0.0,0.03688553001278378,0.0,0.0,0.0,708.0,1.0,0.005649717514124294,0.0,0.0,0.07500496098579215
adm_hosp_subspecialism__pchi__ohe,0.0,0.0,0.0,2937.0,1.0,0.00034048348655090226,0.0,0.0,0.01845219462695162,0.0,0.0,0.0,708.0,0.0,0.0,0.0,0.0,0.0
adm_hosp_subspecialism__psyc__ohe,0.0,0.0,0.0,2937.0,1.0,0.00034048348655090226,0.0,0.0,0.01845219462695162,0.0,0.0,0.0,708.0,0.0,0.0,0.0,0.0,0.0
adm_hosp_subspecialism__reum__ohe,0.0,0.0,0.0,2937.0,1.0,0.002383384405856316,0.0,0.0,0.04877000850192248,0.0,0.0,0.0,708.0,1.0,0.00847457627118644,0.0,0.0,0.09173136277782103
adm_hosp_subspecialism__rint__ohe,0.0,0.0,0.0,2937.0,1.0,0.0006809669731018045,0.0,0.0,0.026090899488554725,0.0,0.0,0.0,708.0,0.0,0.0,0.0,0.0,0.0
adm_hosp_subspecialism__rthe__ohe,0.0,0.0,0.0,2937.0,1.0,0.00034048348655090226,0.0,0.0,0.01845219462695162,0.0,0.0,0.0,708.0,0.0,0.0,0.0,0.0,0.0
adm_hosp_subspecialism__sehl__ohe,0.0,0.0,0.0,2937.0,1.0,0.05720122574055159,0.0,0.0,0.23226625623616312,0.0,0.0,0.0,708.0,1.0,0.05508474576271186,0.0,0.0,0.22830689448561678
adm_hosp_subspecialism__urov__ohe,0.0,0.0,0.0,2937.0,1.0,0.003745318352059925,0.0,0.0,0.06109469549939064,0.0,0.0,0.0,708.0,1.0,0.00423728813559322,0.0,0.0,0.06500231891841378
adm_hosp_subspecialism__vgyn__ohe,0.0,0.0,0.0,2937.0,1.0,0.002383384405856316,0.0,0.0,0.04877000850192248,0.0,0.0,0.0,708.0,1.0,0.00423728813559322,0.0,0.0,0.06500231891841379
adm_hosp_subspecialism__vobs__ohe,0.0,0.0,0.0,2937.0,1.0,0.003745318352059925,0.0,0.0,0.06109469549939063,0.0,0.0,0.0,708.0,1.0,0.002824858757062147,0.0,0.0,0.053111799066887795
atc_first_24h__g2__a0__ohe,0.0,0.0,0.0,2937.0,1.0,0.00749063670411985,0.0,0.0,0.08623838624275079,0.0,0.0,0.0,708.0,1.0,0.00847457627118644,0.0,0.0,0.09173136277782103
atc_first_24h__g2__c0__ohe,0.0,0.0,0.0,2937.0,1.0,0.11542390194075587,0.0,0.0,0.3195872344494583,0.0,0.0,0.0,708.0,1.0,0.09463276836158192,0.0,0.0,0.2929139668328127
atc_first_24h__g2__c1__ohe,0.0,0.0,0.0,2937.0,1.0,0.10180456247871979,0.0,0.0,0.3024426194924315,0.0,0.0,0.0,708.0,1.0,0.23587570621468926,0.0,0.0,0.42484502051912604
atc_first_24h__g2__d0__ohe,0.0,1.0,1.0,2937.0,1.0,0.5410282601293838,0.0,0.0,0.4983986942170679,0.0,0.0,1.0,708.0,1.0,0.4548022598870056,0.0,0.0,0.4983050086399105
atc_first_24h__g2__d1__ohe,0.0,0.0,0.0,2937.0,1.0,0.06401089547156963,0.0,0.0,0.24481402582000175,0.0,0.0,0.0,708.0,1.0,0.07062146892655367,0.0,0.0,0.2563726032052143
atc_first_24h__g2__e0__ohe,0.0,0.0,0.0,2937.0,1.0,0.04358188627851549,0.0,0.0,0.20419770445714813,0.0,0.0,0.0,708.0,1.0,0.03248587570621469,0.0,0.0,0.17741194942906796
atc_first_24h__g2__f0__ohe,0.0,0.0,0.0,2937.0,1.0,0.015662240381341504,0.0,0.0,0.12418609264770482,0.0,0.0,0.0,708.0,1.0,0.015536723163841809,0.0,0.0,0.12376173694686214
atc_first_24h__g2__g0__ohe,0.0,0.0,0.0,2937.0,1.0,0.026217228464419477,0.0,0.0,0.1598079499309001,0.0,0.0,0.0,708.0,1.0,0.015536723163841809,0.0,0.0,0.12376173694686214
atc_first_24h__g2__m0__ohe,0.0,0.0,0.0,2937.0,1.0,0.1906707524685053,0.0,0.0,0.39289690297634694,0.0,0.0,0.0,708.0,1.0,0.1553672316384181,0.0,0.0,0.3625105071291448
atc_first_24h__g2__x0__ohe,0.0,0.0,0.0,2937.0,1.0,0.16649642492339123,0.0,0.0,0.37258909300320764,0.0,0.0,0.0,708.0,1.0,0.1172316384180791,0.0,0.0,0.32192352841775695
atc_first_24h__g2__x1__ohe,0.0,0.0,0.0,2937.0,1.0,0.13278855975485188,0.0,0.0,0.33940385993909344,0.0,0.0,0.0,708.0,1.0,0.12146892655367232,0.0,0.0,0.32690237982535353
atc_first_24h__g2__x2__ohe,0.0,0.0,0.0,2937.0,1.0,0.004426285325161729,0.0,0.0,0.06639423349001375,0.0,0.0,0.0,708.0,0.0,0.0,0.0,0.0,0.0
atc_first_24h__groups__j01a__ohe,0.0,0.0,0.0,2937.0,1.0,0.00749063670411985,0.0,0.0,0.08623838624275079,0.0,0.0,0.0,708.0,1.0,0.00847457627118644,0.0,0.0,0.09173136277782103
atc_first_24h__groups__j01c__ohe,0.0,0.0,0.0,2937.0,1.0,0.21654749744637386,0.0,0.0,0.4119617252697507,0.0,0.0,1.0,708.0,1.0,0.326271186440678,0.0,0.0,0.4691793008130917
atc_first_24h__groups__j01d__ohe,0.0,1.0,1.0,2937.0,1.0,0.6002723867892408,0.0,0.0,0.48992568185039015,0.0,1.0,1.0,708.0,1.0,0.5225988700564972,0.0,0.0,0.499842150584405
atc_first_24h__groups__j01e__ohe,0.0,0.0,0.0,2937.0,1.0,0.04358188627851549,0.0,0.0,0.20419770445714813,0.0,0.0,0.0,708.0,1.0,0.03248587570621469,0.0,0.0,0.17741194942906796
atc_first_24h__groups__j01f__ohe,0.0,0.0,0.0,2937.0,1.0,0.015662240381341504,0.0,0.0,0.12418609264770482,0.0,0.0,0.0,708.0,1.0,0.015536723163841809,0.0,0.0,0.12376173694686214
atc_first_24h__groups__j01g__ohe,0.0,0.0,0.0,2937.0,1.0,0.026217228464419477,0.0,0.0,0.1598079499309001,0.0,0.0,0.0,708.0,1.0,0.015536723163841809,0.0,0.0,0.12376173694686214
atc_first_24h__groups__j01m__ohe,0.0,0.0,0.0,2937.0,1.0,0.1906707524685053,0.0,0.0,0.39289690297634694,0.0,0.0,0.0,708.0,1.0,0.1553672316384181,0.0,0.0,0.3625105071291448
atc_first_24h__groups__j01x__ohe,0.0,0.0,0.0,2937.0,1.0,0.1355124276472591,0.0,0.0,0.3423283663693589,0.0,0.0,0.0,708.0,1.0,0.12146892655367232,0.0,0.0,0.32690237982535353
atc_first_24h__groups__j01z__ohe,0.0,0.0,0.0,2937.0,1.0,0.16649642492339123,0.0,0.0,0.37258909300320764,0.0,0.0,0.0,708.0,1.0,0.1172316384180791,0.0,0.0,0.32192352841775695
atc_last_24h__g2__a0__ohe,0.0,0.0,0.0,2937.0,1.0,0.009533537623425264,0.0,0.0,0.09718984229336008,0.0,0.0,0.0,708.0,1.0,0.011299435028248588,0.0,0.0,0.10577125996181332
atc_last_24h__g2__c0__ohe,0.0,0.0,0.0,2937.0,1.0,0.10520939734422881,0.0,0.0,0.30687529098452504,0.0,0.0,0.0,708.0,1.0,0.0692090395480226,0.0,0.0,0.25398870956359576
atc_last_24h__g2__c1__ohe,0.0,0.0,0.0,2937.0,1.0,0.09805924412665985,0.0,0.0,0.2974453775396891,0.0,0.0,1.0,708.0,1.0,0.2641242937853107,0.0,0.0,0.44117747339354346
atc_last_24h__g2__d0__ohe,0.0,0.0,1.0,2937.0,1.0,0.48348655090228126,0.0,0.0,0.4998123277623604,0.0,0.0,1.0,708.0,1.0,0.423728813559322,0.0,0.0,0.49449781068244986
atc_last_24h__g2__d1__ohe,0.0,0.0,0.0,2937.0,1.0,0.07184201566224038,0.0,0.0,0.25827011416670925,0.0,0.0,0.0,708.0,1.0,0.07344632768361582,0.0,0.0,0.2610521388157384
atc_last_24h__g2__e0__ohe,0.0,0.0,0.0,2937.0,1.0,0.047327204630575416,0.0,0.0,0.21237395569131712,0.0,0.0,0.0,708.0,1.0,0.03248587570621469,0.0,0.0,0.17741194942906796
atc_last_24h__g2__f0__ohe,0.0,0.0,0.0,2937.0,1.0,0.009533537623425264,0.0,0.0,0.0971898422933601,0.0,0.0,0.0,708.0,1.0,0.014124293785310734,0.0,0.0,0.11808680588016614
atc_last_24h__g2__g0__ohe,0.0,0.0,0.0,2937.0,1.0,0.013619339462036091,0.0,0.0,0.11592423654130067,0.0,0.0,0.0,708.0,1.0,0.00847457627118644,0.0,0.0,0.09173136277782103
atc_last_24h__g2__m0__ohe,0.0,0.0,0.0,2937.0,1.0,0.16887980932924754,0.0,0.0,0.3747095217256939,0.0,0.0,0.0,708.0,1.0,0.13559322033898305,0.0,0.0,0.34259813293343166
atc_last_24h__g2__x0__ohe,0.0,0.0,0.0,2937.0,1.0,0.19339462036091248,0.0,0.0,0.3950269261142154,0.0,0.0,0.0,708.0,1.0,0.10734463276836158,0.0,0.0,0.3097697459201237
atc_last_24h__g2__x1__ohe,0.0,0.0,0.0,2937.0,1.0,0.11133810010214505,0.0,0.0,0.314603921041045,0.0,0.0,0.0,708.0,1.0,0.1115819209039548,0.0,0.0,0.31507397539262694
atc_last_24h__g2__x2__ohe,0.0,0.0,0.0,2937.0,1.0,0.007150153217568948,0.0,0.0,0.08427008040687807,0.0,0.0,0.0,708.0,0.0,0.0,0.0,0.0,0.0
bmi,23.37472607742878,26.2,30.1,2825.0,60.2,27.150949324184126,13.6,0.03813415049370106,5.705635889742113,23.6,26.3,30.6,685.0,60.2,27.335550585621373,13.8,0.03248587570621469,5.717411347963076
bp_sys__event_m1d__min,85.0,96.0,109.0,2930.0,184.0,98.28088737201365,37.0,0.002383384405856316,19.459299381833635,82.0,92.0,103.0,707.0,173.0,94.2885431400283,37.0,0.0014124293785310734,19.500894771344502
crp__event_m3d__last,34.0,74.0,148.0,1759.0,634.7999877929688,106.50085276251764,0.4000000059604645,0.4010895471569629,99.97017848054735,51.59999942779541,98.0,169.5,392.0,588.5,123.8556124479795,1.0,0.4463276836158192,99.59922152329649
crp__event_m3d__trend,-1.1835932561803135,-0.375264730256547,0.23533896781045924,1367.0,383.0769230632012,-0.4386999444295908,-290.0000000675209,0.5345590738849166,18.782929802803423,-1.2322978558028281,-0.16895337666404267,0.7106409726508343,273.0,437.1425653670955,1.8952247999144922,-112.47433496014185,0.614406779661017,30.96348768231635
crp__start_p1d__last,51.0,112.19999694824219,212.0,1439.0,638.0,143.9077137389309,0.6000000238418579,0.5100442628532517,117.30758072771387,63.54999923706055,116.0,224.9000015258789,303.0,524.9000244140625,149.84422462686848,1.100000023841858,0.5720338983050848,112.34003837469984
heart_rate__event_m1d__last,77.0,89.0,103.0,2934.0,177.0,90.0385139740968,39.0,0.0010214504596527069,19.233386771354947,80.0,93.0,106.0,707.0,170.0,93.46393210749646,45.0,0.0014124293785310734,19.639377332892018
heart_rate__event_m1d__trend,-0.42782608695652175,-0.040366972477064215,0.33854166666666663,2925.0,22.0,-0.08727939644155577,-26.142857139874295,0.0040858018386108275,1.1960939609437777,-0.44391304347826077,-0.05262423227247349,0.31252553113523435,705.0,3.802083873308798,-0.05845845098211815,-11.006462035519535,0.00423728813559322,0.9101949059293287
heart_rate__start_p1d__last,78.0,91.0,105.0,2789.0,187.0,91.89530297597705,39.0,0.05039155600953354,19.826303019383676,83.0,96.0,108.0,671.0,163.0,95.38152011922504,48.0,0.052259887005649715,19.0074742113397
is_sdd_within_14d_before_stop,0.0,0.0,1.0,2937.0,1.0,0.4725910793326524,0.0,0.0,0.49933320043497437,0.0,0.0,1.0,708.0,1.0,0.4180790960451977,0.0,0.0,0.4935920177788771
is_sex__female,0.0,0.0,1.0,2937.0,1.0,0.3289070480081716,0.0,0.0,0.4698961388896066,0.0,0.0,1.0,708.0,1.0,0.346045197740113,0.0,0.0,0.47604411642528377
is_sex__male,0.0,1.0,1.0,2937.0,1.0,0.6710929519918284,0.0,0.0,0.4698961388896066,0.0,1.0,1.0,708.0,1.0,0.653954802259887,0.0,0.0,0.47604411642528377
kreat__event_m1d__last,53.0,77.0,128.14999771118164,2622.0,891.0,109.44321125923086,7.0,0.10725229826353422,98.54509463795945,60.0,90.0,158.5,630.0,1007.0,130.2298413443187,19.0,0.11016949152542373,109.2295777448972
lactate__event_m3d__last,0.8999999761581421,1.100000023841858,1.5,2815.0,21.799999237060547,1.3120142091336937,0.20000000298023224,0.04153898535921008,0.8534002497448301,0.8999999761581421,1.2000000476837158,1.600000023841858,693.0,15.0,1.442150070166691,0.30000001192092896,0.0211864406779661,1.0137481831491564
lactate__event_m3d__trend,-0.008449991607647579,-0.0014537641175217466,0.003544458831084881,2697.0,0.5910347522902558,-0.012195596046410023,-9.614244342549421,0.08171603677221655,0.2104832360791233,-0.009211312439902388,-0.001584598519996856,0.003005434187877614,676.0,0.45503627331609214,-0.008559327324457574,-0.9185882925290828,0.04519774011299435,0.06287409771237372
lactate__start_p1d__last,0.8999999761581421,1.2999999523162842,1.7999999523162842,2549.0,18.799999237060547,1.5984503730237134,0.0,0.13210759278175008,1.3321389199573193,0.8999999761581421,1.2999999523162842,1.8799999952316284,631.0,17.100000381469727,1.6916323298980998,0.4000000059604645,0.10875706214689265,1.460510364964161
leukocytes__event_m3d__last,8.325000047683716,11.600000381469727,15.899999618530273,2874.0,292.79998779296875,13.107167704161787,0.10000000149011612,0.021450459652706845,9.301368890248126,9.100000381469727,13.0,17.600000381469727,693.0,217.39999389648438,14.552525254931371,0.10000000149011612,0.0211864406779661,11.45811710359033
leukocytes__event_m3d__trend,-0.06705067387648717,-0.008065696010543352,0.03944869103308058,2688.0,41.53846112432608,-0.013403270336048928,-36.00000846572216,0.08478038815117467,1.3851323599305538,-0.056698788365586665,-0.004189792749865322,0.058002856559990774,659.0,24.6882793006132,0.05403559428652175,-9.157893532649755,0.0692090395480226,1.1845096675590316
mic__gram_negative__event_m3d__ohe,0.0,0.0,0.0,2058.0,1.0,0.14965986394557823,0.0,0.2992849846782431,0.3568244060254588,0.0,0.0,0.0,543.0,1.0,0.18232044198895028,0.0,0.2330508474576271,0.3864644268442316
mic__gram_negative__start_m1d_p1d__ohe,0.0,0.0,0.0,1281.0,1.0,0.195160031225605,0.0,0.5638406537282942,0.39647863296935565,0.0,0.0,0.0,381.0,1.0,0.17585301837270342,0.0,0.461864406779661,0.3811956527925925
mic__gram_negative__start_m1d_p3d__ohe,0.0,0.0,0.0,2331.0,1.0,0.22565422565422566,0.0,0.20633299284984677,0.418102127956393,0.0,0.0,0.0,599.0,1.0,0.21869782971619364,0.0,0.153954802259887,0.4137086212011439
mic__gram_positive__event_m3d__ohe,0.0,0.0,0.0,2058.0,1.0,0.24392614188532555,0.0,0.2992849846782431,0.4295530666068963,0.0,0.0,1.0,543.0,1.0,0.287292817679558,0.0,0.2330508474576271,0.4529165845382515
mic__gram_positive__start_m1d_p1d__ohe,0.0,0.0,1.0,1281.0,1.0,0.2849336455893833,0.0,0.5638406537282942,0.4515591214059377,0.0,0.0,1.0,381.0,1.0,0.2992125984251969,0.0,0.461864406779661,0.45851523472229466
mic__gram_positive__start_m1d_p3d__ohe,0.0,0.0,1.0,2331.0,1.0,0.32175032175032175,0.0,0.20633299284984677,0.4672480196672252,0.0,0.0,1.0,599.0,1.0,0.3722871452420701,0.0,0.153954802259887,0.483818366460091
mic__group_acinetobacter_and_aeromonas__event_m3d__ohe,0.0,0.0,0.0,2058.0,1.0,0.004373177842565598,0.0,0.2992849846782431,0.06600128679605059,0.0,0.0,0.0,543.0,1.0,0.003683241252302026,0.0,0.2330508474576271,0.060633700235389304
mic__group_acinetobacter_and_aeromonas__start_m1d_p1d__ohe,0.0,0.0,0.0,1281.0,1.0,0.00468384074941452,0.0,0.5638406537282942,0.06830479116787576,0.0,0.0,0.0,381.0,1.0,0.005249343832020997,0.0,0.461864406779661,0.07235696075226732
mic__group_acinetobacter_and_aeromonas__start_m1d_p3d__ohe,0.0,0.0,0.0,2331.0,1.0,0.006864006864006864,0.0,0.20633299284984677,0.08258218923361296,0.0,0.0,0.0,599.0,1.0,0.01001669449081803,0.0,0.153954802259887,0.09966415034826023
mic__group_anaerobes_excl_cutibacterium__event_m3d__ohe,0.0,0.0,0.0,2058.0,1.0,0.0024295432458697765,0.0,0.2992849846782431,0.04924244922743689,0.0,0.0,0.0,543.0,1.0,0.0055248618784530384,0.0,0.2330508474576271,0.07419214873726267
mic__group_anaerobes_excl_cutibacterium__start_m1d_p1d__ohe,0.0,0.0,0.0,1281.0,1.0,0.00234192037470726,0.0,0.5638406537282942,0.04835556973215991,0.0,0.0,0.0,381.0,1.0,0.0026246719160104987,0.0,0.461864406779661,0.051231551957855996
mic__group_anaerobes_excl_cutibacterium__start_m1d_p3d__ohe,0.0,0.0,0.0,2331.0,1.0,0.007293007293007293,0.0,0.20633299284984677,0.0851053850013692,0.0,0.0,0.0,599.0,1.0,0.005008347245409015,0.0,0.153954802259887,0.0706512343853491
mic__group_candida__event_m3d__ohe,0.0,0.0,0.0,2058.0,1.0,0.07045675413022352,0.0,0.2992849846782431,0.25597741857283285,0.0,0.0,0.0,543.0,1.0,0.034990791896869246,0.0,0.2330508474576271,0.183925898332497
mic__group_candida__start_m1d_p1d__ohe,0.0,0.0,0.0,1281.0,1.0,0.03981264637002342,0.0,0.5638406537282942,0.19559515554122087,0.0,0.0,0.0,381.0,1.0,0.03412073490813648,0.0,0.461864406779661,0.18177799101184003
mic__group_candida__start_m1d_p3d__ohe,0.0,0.0,0.0,2331.0,1.0,0.07550407550407551,0.0,0.20633299284984677,0.26425966121528066,0.0,0.0,0.0,599.0,1.0,0.05175292153589316,0.0,0.153954802259887,0.221712925027824
mic__group_cns__event_m3d__ohe,0.0,0.0,0.0,2058.0,1.0,0.1379980563654033,0.0,0.2992849846782431,0.34498177048935297,0.0,0.0,0.0,543.0,1.0,0.1270718232044199,0.0,0.2330508474576271,0.3333605148173516
mic__group_cns__start_m1d_p1d__ohe,0.0,0.0,0.0,1281.0,1.0,0.13973458235753317,0.0,0.5638406537282942,0.34684685669389986,0.0,0.0,0.0,381.0,1.0,0.12335958005249344,0.0,0.461864406779661,0.32928191304210025
mic__group_cns__start_m1d_p3d__ohe,0.0,0.0,0.0,2331.0,1.0,0.16001716001716002,0.0,0.20633299284984677,0.3667006352988544,0.0,0.0,0.0,599.0,1.0,0.1652754590984975,0.0,0.153954802259887,0.37173940226013663
mic__group_community_pathogens__event_m3d__ohe,0.0,0.0,0.0,2058.0,1.0,0.009718172983479106,0.0,0.2992849846782431,0.0981244547723484,0.0,0.0,0.0,543.0,1.0,0.022099447513812154,0.0,0.2330508474576271,0.14714256604188883
mic__group_community_pathogens__start_m1d_p1d__ohe,0.0,0.0,0.0,1281.0,1.0,0.0117096018735363,0.0,0.5638406537282942,0.10761750834805876,0.0,0.0,0.0,381.0,1.0,0.02099737532808399,0.0,0.461864406779661,0.14356385886441037
mic__group_community_pathogens__start_m1d_p3d__ohe,0.0,0.0,0.0,2331.0,1.0,0.015444015444015444,0.0,0.20633299284984677,0.1233370333505504,0.0,0.0,0.0,599.0,1.0,0.0333889816360601,0.0,0.153954802259887,0.17980024389438298
mic__group_coryneform_or_cutibacterium_or_bacillus_like__event_m3d__ohe,0.0,0.0,0.0,2058.0,1.0,0.00923226433430515,0.0,0.2992849846782431,0.09566334936174636,0.0,0.0,0.0,543.0,1.0,0.009208103130755065,0.0,0.2330508474576271,0.09560411419016071
mic__group_coryneform_or_cutibacterium_or_bacillus_like__start_m1d_p1d__ohe,0.0,0.0,0.0,1281.0,1.0,0.01092896174863388,0.0,0.5638406537282942,0.10400944419077682,0.0,0.0,0.0,381.0,1.0,0.005249343832020997,0.0,0.461864406779661,0.07235696075226732
mic__group_coryneform_or_cutibacterium_or_bacillus_like__start_m1d_p3d__ohe,0.0,0.0,0.0,2331.0,1.0,0.014157014157014158,0.0,0.20633299284984677,0.11816337444951165,0.0,0.0,0.0,599.0,1.0,0.005008347245409015,0.0,0.153954802259887,0.0706512343853491
mic__group_entercoc_aerococ__event_m3d__ohe,0.0,0.0,0.0,2058.0,1.0,0.04470359572400389,0.0,0.2992849846782431,0.20670255237815982,0.0,0.0,0.0,543.0,1.0,0.049723756906077346,0.0,0.2330508474576271,0.21757408952944765
mic__group_entercoc_aerococ__start_m1d_p1d__ohe,0.0,0.0,0.0,1281.0,1.0,0.05932864949258392,0.0,0.5638406537282942,0.2363310420498709,0.0,0.0,0.0,381.0,1.0,0.05511811023622047,0.0,0.461864406779661,0.22851073730985397
mic__group_entercoc_aerococ__start_m1d_p3d__ohe,0.0,0.0,0.0,2331.0,1.0,0.06778206778206779,0.0,0.20633299284984677,0.2514254924152232,0.0,0.0,0.0,599.0,1.0,0.07679465776293823,0.0,0.153954802259887,0.2664878900751347
mic__group_enterobacterales__event_m3d__ohe,0.0,0.0,0.0,2058.0,1.0,0.09329446064139942,0.0,0.2992849846782431,0.29091532710298657,0.0,0.0,0.0,543.0,1.0,0.08287292817679558,0.0,0.2330508474576271,0.27594426355785595
mic__group_enterobacterales__start_m1d_p1d__ohe,0.0,0.0,0.0,1281.0,1.0,0.12412177985948478,0.0,0.5638406537282942,0.32984920442238397,0.0,0.0,0.0,381.0,1.0,0.08661417322834646,0.0,0.461864406779661,0.2816386836256349
mic__group_enterobacterales__start_m1d_p3d__ohe,0.0,0.0,0.0,2331.0,1.0,0.148005148005148,0.0,0.20633299284984677,0.35518128354334105,0.0,0.0,0.0,599.0,1.0,0.11686143572621036,0.0,0.153954802259887,0.32152359775240075
mic__group_hacek_or_nutrient_variant_streptococci__event_m3d__ohe,0.0,0.0,0.0,2058.0,1.0,0.00048590864917395527,0.0,0.2992849846782431,0.022043335708870272,0.0,0.0,0.0,543.0,0.0,0.0,0.0,0.2330508474576271,0.0
mic__group_hospital_pathogens__event_m3d__ohe,0.0,0.0,0.0,2058.0,1.0,0.12487852283770651,0.0,0.2992849846782431,0.3306614661070516,0.0,0.0,0.0,543.0,1.0,0.19152854511970535,0.0,0.2330508474576271,0.3938667973731369
mic__group_hospital_pathogens__start_m1d_p1d__ohe,0.0,0.0,0.0,1281.0,1.0,0.16549570647931303,0.0,0.5638406537282942,0.371772475600822,0.0,0.0,0.0,381.0,1.0,0.2204724409448819,0.0,0.461864406779661,0.41511036883875485
mic__group_hospital_pathogens__start_m1d_p3d__ohe,0.0,0.0,0.0,2331.0,1.0,0.1818961818961819,0.0,0.20633299284984677,0.3858417134574551,0.0,0.0,1.0,599.0,1.0,0.2570951585976628,0.0,0.153954802259887,0.43739756674897756
mic__group_moraxella_neisseria_non__start_m1d_p1d__ohe,0.0,0.0,0.0,1281.0,1.0,0.00078064012490242,0.0,0.5638406537282942,0.02793993781135563,0.0,0.0,0.0,381.0,0.0,0.0,0.0,0.461864406779661,0.0
mic__group_moraxella_neisseria_non__start_m1d_p3d__ohe,0.0,0.0,0.0,2331.0,1.0,0.000429000429000429,0.0,0.20633299284984677,0.020712325533373332,0.0,0.0,0.0,599.0,0.0,0.0,0.0,0.153954802259887,0.0
mic__group_negative__event_m3d__ohe,1.0,1.0,1.0,2058.0,1.0,0.9062196307094267,0.0,0.2992849846782431,0.2915937704161606,1.0,1.0,1.0,543.0,1.0,0.9244935543278084,0.0,0.2330508474576271,0.26445040037267786
mic__group_negative__start_m1d_p1d__ohe,1.0,1.0,1.0,1281.0,1.0,0.8446526151444185,0.0,0.5638406537282942,0.3623769946626494,1.0,1.0,1.0,381.0,1.0,0.8740157480314961,0.0,0.461864406779661,0.3322679479351433
mic__group_negative__start_m1d_p3d__ohe,1.0,1.0,1.0,2331.0,1.0,0.8876018876018876,0.0,0.20633299284984677,0.3159233993046338,1.0,1.0,1.0,599.0,1.0,0.9098497495826378,0.0,0.153954802259887,0.28663625953468885
mic__group_non_fermenters__event_m3d__ohe,0.0,0.0,0.0,2058.0,1.0,0.015063168124392614,0.0,0.2992849846782431,0.12183382808799262,0.0,0.0,0.0,543.0,1.0,0.03130755064456722,0.0,0.2330508474576271,0.17430818256025224
mic__group_non_fermenters__start_m1d_p1d__ohe,0.0,0.0,0.0,1281.0,1.0,0.0195160031225605,0.0,0.5638406537282942,0.13838380708743522,0.0,0.0,0.0,381.0,1.0,0.026246719160104987,0.0,0.461864406779661,0.1600783756098617
mic__group_non_fermenters__start_m1d_p3d__ohe,0.0,0.0,0.0,2331.0,1.0,0.018876018876018877,0.0,0.20633299284984677,0.13611635890978094,0.0,0.0,0.0,599.0,1.0,0.03171953255425709,0.0,0.153954802259887,0.17539887119315972
mic__group_other__event_m3d__ohe,0.0,0.0,0.0,2058.0,1.0,0.07191448007774538,0.0,0.2992849846782431,0.2584090445336393,0.0,0.0,0.0,543.0,1.0,0.053406998158379376,0.0,0.2330508474576271,0.22505102764303553
mic__group_other__start_m1d_p1d__ohe,0.0,0.0,0.0,1281.0,1.0,0.06088992974238876,0.0,0.5638406537282942,0.23922169614464986,0.0,0.0,0.0,381.0,1.0,0.03937007874015748,0.0,0.461864406779661,0.19472956158476243
mic__group_other__start_m1d_p3d__ohe,0.0,0.0,0.0,2331.0,1.0,0.08022308022308022,0.0,0.20633299284984677,0.2716965329330634,0.0,0.0,0.0,599.0,1.0,0.06176961602671119,0.0,0.153954802259887,0.2409378422424221
mic__group_viridans__event_m3d__ohe,0.0,0.0,0.0,2058.0,1.0,0.003401360544217687,0.0,0.2992849846782431,0.058236064601896176,0.0,0.0,0.0,543.0,1.0,0.009208103130755065,0.0,0.2330508474576271,0.09560411419016068
mic__group_viridans__start_m1d_p1d__ohe,0.0,0.0,0.0,1281.0,1.0,0.00858704137392662,0.0,0.5638406537282942,0.09230360292639078,0.0,0.0,0.0,381.0,1.0,0.007874015748031496,0.0,0.461864406779661,0.08850182800306422
mic__group_viridans__start_m1d_p3d__ohe,0.0,0.0,0.0,2331.0,1.0,0.011583011583011582,0.0,0.20633299284984677,0.10702223644291907,0.0,0.0,0.0,599.0,1.0,0.008347245409015025,0.0,0.153954802259887,0.09105718528245543
mic__is_blood__event_m3d__any,0.0,1.0,1.0,2058.0,1.0,0.5150631681243926,0.0,0.2992849846782431,0.49989451575112087,0.0,1.0,1.0,543.0,1.0,0.5506445672191529,0.0,0.2330508474576271,0.49788718620508804
mic__is_blood__start_m1d_p1d__any,0.0,0.0,1.0,1281.0,1.0,0.4785323965651834,0.0,0.5638406537282942,0.4997340237140705,0.0,0.0,1.0,381.0,1.0,0.48293963254593175,0.0,0.461864406779661,0.5003659387508005
mic__is_blood__start_m1d_p3d__any,0.0,1.0,1.0,2331.0,1.0,0.5993135993135993,0.0,0.20633299284984677,0.49014270574958946,0.0,1.0,1.0,599.0,1.0,0.654424040066778,0.0,0.153954802259887,0.47595314736290373
mic__is_positive__blood__event_m3d__any,0.0,0.0,0.0,2058.0,1.0,0.15597667638483964,0.0,0.2992849846782431,0.3629214140634814,0.0,0.0,0.0,543.0,1.0,0.16758747697974216,0.0,0.2330508474576271,0.37384394892182976
mic__is_positive__blood__start_m1d_p1d__any,0.0,0.0,0.0,1281.0,1.0,0.1756440281030445,0.0,0.5638406537282942,0.38066563173605744,0.0,0.0,0.0,381.0,1.0,0.18110236220472442,0.0,0.461864406779661,0.38560935034481814
mic__is_positive__blood__start_m1d_p3d__any,0.0,0.0,0.0,2331.0,1.0,0.22007722007722008,0.0,0.20633299284984677,0.41438738386411467,0.0,0.0,1.0,599.0,1.0,0.25375626043405675,0.0,0.153954802259887,0.4355234585720892
mic__is_positive__sputum__event_m3d__any,0.0,0.0,1.0,2058.0,1.0,0.2954324586977648,0.0,0.2992849846782431,0.4563477984296934,0.0,0.0,1.0,543.0,1.0,0.3149171270718232,0.0,0.2330508474576271,0.46491115540315797
mic__is_positive__sputum__start_m1d_p1d__any,0.0,0.0,1.0,1281.0,1.0,0.297423887587822,0.0,0.5638406537282942,0.4573031499565549,0.0,0.0,1.0,381.0,1.0,0.31758530183727035,0.0,0.461864406779661,0.46614933928971475
mic__is_positive__sputum__start_m1d_p3d__any,0.0,0.0,1.0,2331.0,1.0,0.3517803517803518,0.0,0.20633299284984677,0.47762831075649126,0.0,0.0,1.0,599.0,1.0,0.3789649415692821,0.0,0.153954802259887,0.48553483640637857
mic__is_positive__tip__event_m3d__any,0.0,0.0,0.0,2058.0,1.0,0.04616132167152575,0.0,0.2992849846782431,0.2098853478270385,0.0,0.0,0.0,543.0,1.0,0.04788213627992634,0.0,0.2330508474576271,0.21371371190955088
mic__is_positive__tip__start_m1d_p1d__any,0.0,0.0,0.0,1281.0,1.0,0.04137392661982826,0.0,0.5638406537282942,0.19923129987754867,0.0,0.0,0.0,381.0,1.0,0.03937007874015748,0.0,0.461864406779661,0.19472956158476243
mic__is_positive__tip__start_m1d_p3d__any,0.0,0.0,0.0,2331.0,1.0,0.0489060489060489,0.0,0.20633299284984677,0.21571789560142743,0.0,0.0,0.0,599.0,1.0,0.05342237061769616,0.0,0.153954802259887,0.22506217699137393
mic__is_positive__urine__event_m3d__any,0.0,0.0,0.0,2058.0,1.0,0.02575315840621963,0.0,0.2992849846782431,0.15843651908788464,0.0,0.0,0.0,543.0,1.0,0.027624309392265192,0.0,0.2330508474576271,0.16404501316782694
mic__is_positive__urine__start_m1d_p1d__any,0.0,0.0,0.0,1281.0,1.0,0.039032006245121,0.0,0.5638406537282942,0.19374677353713524,0.0,0.0,0.0,381.0,1.0,0.031496062992125984,0.0,0.461864406779661,0.17488377527055
mic__is_positive__urine__start_m1d_p3d__any,0.0,0.0,0.0,2331.0,1.0,0.049335049335049334,0.0,0.20633299284984677,0.21661309164172812,0.0,0.0,0.0,599.0,1.0,0.045075125208681135,0.0,0.153954802259887,0.20764232987550924
mic__is_sputum__event_m3d__any,1.0,1.0,1.0,2058.0,1.0,0.8464528668610302,0.0,0.2992849846782431,0.36060171310256744,1.0,1.0,1.0,543.0,1.0,0.8232044198895028,0.0,0.2330508474576271,0.38184738433709087
mic__is_sputum__start_m1d_p1d__any,1.0,1.0,1.0,1281.0,1.0,0.775175644028103,0.0,0.5638406537282942,0.41762964442951506,1.0,1.0,1.0,381.0,1.0,0.7979002624671916,0.0,0.461864406779661,0.40209425515200625
mic__is_sputum__start_m1d_p3d__any,1.0,1.0,1.0,2331.0,1.0,0.8052338052338053,0.0,0.20633299284984677,0.3961055846019506,1.0,1.0,1.0,599.0,1.0,0.8146911519198664,0.0,0.153954802259887,0.3888726478243596
mic__is_tip__event_m3d__any,0.0,0.0,0.0,2058.0,1.0,0.09280855199222546,0.0,0.2992849846782431,0.29023448399073376,0.0,0.0,0.0,543.0,1.0,0.10681399631675875,0.0,0.2330508474576271,0.3091614304243728
mic__is_tip__start_m1d_p1d__any,0.0,0.0,0.0,1281.0,1.0,0.07572209211553474,0.0,0.5638406537282942,0.264656258582467,0.0,0.0,0.0,381.0,1.0,0.07874015748031496,0.0,0.461864406779661,0.26968692997422494
mic__is_tip__start_m1d_p3d__any,0.0,0.0,0.0,2331.0,1.0,0.08966108966108965,0.0,0.20633299284984677,0.28575690639773743,0.0,0.0,0.0,599.0,1.0,0.11352253756260434,0.0,0.153954802259887,0.3174956019650172
mic__is_urine__event_m3d__any,0.0,0.0,0.0,2058.0,1.0,0.14188532555879493,0.0,0.2992849846782431,0.34901729179820384,0.0,0.0,0.0,543.0,1.0,0.11970534069981584,0.0,0.2330508474576271,0.32491597793968485
mic__is_urine__start_m1d_p1d__any,0.0,0.0,0.0,1281.0,1.0,0.14754098360655737,0.0,0.5638406537282942,0.354782893667866,0.0,0.0,0.0,381.0,1.0,0.09973753280839895,0.0,0.461864406779661,0.3000437413430917
mic__is_urine__start_m1d_p3d__any,0.0,0.0,0.0,2331.0,1.0,0.21621621621621623,0.0,0.20633299284984677,0.41175174143909,0.0,0.0,0.0,599.0,1.0,0.1686143572621035,0.0,0.153954802259887,0.37472386693276255
mic__pathgen_high__event_m3d__ohe,0.0,0.0,1.0,2058.0,1.0,0.2589893100097182,0.0,0.2992849846782431,0.43818619928403163,0.0,0.0,1.0,543.0,1.0,0.31123388581952116,0.0,0.2330508474576271,0.4634251459089189
mic__pathgen_high__start_m1d_p1d__ohe,0.0,0.0,1.0,1281.0,1.0,0.3075722092115535,0.0,0.5638406537282942,0.46166863587650037,0.0,0.0,1.0,381.0,1.0,0.32808398950131235,0.0,0.461864406779661,0.4701329635895739
mic__pathgen_high__start_m1d_p3d__ohe,0.0,0.0,1.0,2331.0,1.0,0.3586443586443586,0.0,0.20633299284984677,0.4797054336555679,0.0,0.0,1.0,599.0,1.0,0.38898163606010017,0.0,0.153954802259887,0.48792660572252133
mic__pathgen_low__event_m3d__ohe,0.0,0.0,0.0,2058.0,1.0,0.14382896015549076,0.0,0.2992849846782431,0.35100150330213287,0.0,0.0,0.0,543.0,1.0,0.13812154696132597,0.0,0.2330508474576271,0.3453456581100482
mic__pathgen_low__start_m1d_p1d__ohe,0.0,0.0,0.0,1281.0,1.0,0.1483216237314598,0.0,0.5638406537282942,0.3555573216478061,0.0,0.0,0.0,381.0,1.0,0.12335958005249344,0.0,0.461864406779661,0.32928191304210025
mic__pathgen_low__start_m1d_p3d__ohe,0.0,0.0,0.0,2331.0,1.0,0.17417417417417416,0.0,0.20633299284984677,0.3793405647580257,0.0,0.0,0.0,599.0,1.0,0.17195325542570952,0.0,0.153954802259887,0.3776551812677553
mic__pathgen_medium__event_m3d__ohe,0.0,0.0,0.0,2058.0,1.0,0.06268221574344024,0.0,0.2992849846782431,0.24244941352409985,0.0,0.0,0.0,543.0,1.0,0.08103130755064457,0.0,0.2330508474576271,0.2731348100833789
mic__pathgen_medium__start_m1d_p1d__ohe,0.0,0.0,0.0,1281.0,1.0,0.08352849336455893,0.0,0.5638406537282942,0.2767874455386415,0.0,0.0,0.0,381.0,1.0,0.08398950131233596,0.0,0.461864406779661,0.27773679303483895
mic__pathgen_medium__start_m1d_p3d__ohe,0.0,0.0,0.0,2331.0,1.0,0.09223509223509224,0.0,0.20633299284984677,0.28941961693189044,0.0,0.0,0.0,599.0,1.0,0.11185308848080133,0.0,0.153954802259887,0.31544904308342947
mic__pathgen_none__event_m3d__ohe,1.0,1.0,1.0,2058.0,1.0,0.9062196307094267,0.0,0.2992849846782431,0.2915937704161606,1.0,1.0,1.0,543.0,1.0,0.9244935543278084,0.0,0.2330508474576271,0.26445040037267786
mic__pathgen_none__start_m1d_p1d__ohe,1.0,1.0,1.0,1281.0,1.0,0.8446526151444185,0.0,0.5638406537282942,0.3623769946626494,1.0,1.0,1.0,381.0,1.0,0.8740157480314961,0.0,0.461864406779661,0.3322679479351433
mic__pathgen_none__start_m1d_p3d__ohe,1.0,1.0,1.0,2331.0,1.0,0.8876018876018876,0.0,0.20633299284984677,0.3159233993046338,1.0,1.0,1.0,599.0,1.0,0.9098497495826378,0.0,0.153954802259887,0.28663625953468885
mic__pathgen_other__event_m3d__ohe,0.0,0.0,0.0,2058.0,1.0,0.08163265306122448,0.0,0.2992849846782431,0.2738707883200548,0.0,0.0,0.0,543.0,1.0,0.04788213627992634,0.0,0.2330508474576271,0.21371371190955088
mic__pathgen_other__start_m1d_p1d__ohe,0.0,0.0,0.0,1281.0,1.0,0.0468384074941452,0.0,0.5638406537282942,0.21137513961843274,0.0,0.0,0.0,381.0,1.0,0.04461942257217848,0.0,0.461864406779661,0.20673826458308003
mic__pathgen_other__start_m1d_p3d__ohe,0.0,0.0,0.0,2331.0,1.0,0.08622908622908623,0.0,0.20633299284984677,0.2807622622899317,0.0,0.0,0.0,599.0,1.0,0.06844741235392321,0.0,0.153954802259887,0.2527231491630546
mic__sdd_positive__event_m3d__any,0.0,0.0,0.0,2058.0,1.0,0.023323615160349854,0.0,0.2992849846782431,0.15096588466816863,0.0,0.0,0.0,543.0,1.0,0.016574585635359115,0.0,0.2330508474576271,0.12778866266202143
mic__sdd_positive__start_m1d_p1d__any,0.0,0.0,0.0,1281.0,1.0,0.02576112412177986,0.0,0.5638406537282942,0.15848374055004938,0.0,0.0,0.0,381.0,1.0,0.010498687664041995,0.0,0.461864406779661,0.10205784285270254
mic__sdd_positive__start_m1d_p3d__any,0.0,0.0,0.0,2331.0,1.0,0.023166023166023165,0.0,0.20633299284984677,0.15046285491024103,0.0,0.0,0.0,599.0,1.0,0.01001669449081803,0.0,0.153954802259887,0.09966415034826025
outcome__los_hosp__days,17.386805555555554,32.045138888888886,56.668055555555554,2937.0,484.65277777777777,43.83687483448719,1.6472222222222221,0.0,40.41831188147464,16.95798611111111,33.21388888888889,60.6828125,708.0,484.65277777777777,45.84974399717514,3.6569444444444446,0.0,43.03226053864935
outcome__los_icu__days,7.814583333333333,15.993055555555555,31.634027777777778,2937.0,225.08263888888888,25.317712944047216,1.2215277777777778,0.0,29.42676219789316,12.07013888888889,22.00138888888889,38.240451388888886,708.0,207.76458333333332,30.311863425925928,1.8416666666666666,0.0,28.41419833215569
outcome_is_primary_series,0.0,0.0,0.0,2937.0,1.0,0.2254000680966973,0.0,0.0,0.41791667150138484,0.0,0.0,0.0,708.0,1.0,0.2076271186440678,0.0,0.0,0.40589505677405047
outcome_mortality_adm_30d,0.0,0.0,0.0,2937.0,1.0,0.14504596527068436,0.0,0.0,0.35220714098620803,0.0,0.0,1.0,708.0,1.0,0.2627118644067797,0.0,0.0,0.4404183320915996
outcome_mortality_adm_90d,0.0,0.0,1.0,2937.0,1.0,0.25025536261491316,0.0,0.0,0.43323379595916206,0.0,0.0,1.0,708.0,1.0,0.3983050847457627,0.0,0.0,0.4898950124251141
outcome_mortality_in_72h,0.0,0.0,0.0,2937.0,0.0,0.0,0.0,0.0,0.0,0.0,0.0,0.0,708.0,1.0,0.03248587570621469,0.0,0.0,0.17741194942906796
outcome_next_atc__g2__a0__ohe,0.0,0.0,0.0,2937.0,0.0,0.0,0.0,0.0,0.0,0.0,0.0,0.0,708.0,1.0,0.011299435028248588,0.0,0.0,0.10577125996181332
outcome_next_atc__g2__c0__ohe,0.0,0.0,0.0,2937.0,0.0,0.0,0.0,0.0,0.0,0.0,0.0,0.0,708.0,1.0,0.07768361581920905,0.0,0.0,0.26786230373513986
outcome_next_atc__g2__c1__ohe,0.0,0.0,0.0,2937.0,0.0,0.0,0.0,0.0,0.0,0.0,0.0,1.0,708.0,1.0,0.2711864406779661,0.0,0.0,0.44488639967257
outcome_next_atc__g2__d0__ohe,0.0,0.0,0.0,2937.0,0.0,0.0,0.0,0.0,0.0,0.0,0.0,1.0,708.0,1.0,0.4180790960451977,0.0,0.0,0.4935920177788771
outcome_next_atc__g2__d1__ohe,0.0,0.0,0.0,2937.0,0.0,0.0,0.0,0.0,0.0,0.0,0.0,0.0,708.0,1.0,0.08192090395480225,0.0,0.0,0.27443805918978326
outcome_next_atc__g2__e0__ohe,0.0,0.0,0.0,2937.0,0.0,0.0,0.0,0.0,0.0,0.0,0.0,0.0,708.0,1.0,0.046610169491525424,0.0,0.0,0.21095145277254043
outcome_next_atc__g2__f0__ohe,0.0,0.0,0.0,2937.0,0.0,0.0,0.0,0.0,0.0,0.0,0.0,0.0,708.0,1.0,0.0211864406779661,0.0,0.0,0.1441072767045249
outcome_next_atc__g2__g0__ohe,0.0,0.0,0.0,2937.0,0.0,0.0,0.0,0.0,0.0,0.0,0.0,0.0,708.0,1.0,0.002824858757062147,0.0,0.0,0.053111799066887795
outcome_next_atc__g2__m0__ohe,0.0,0.0,0.0,2937.0,0.0,0.0,0.0,0.0,0.0,0.0,0.0,0.0,708.0,1.0,0.09745762711864407,0.0,0.0,0.29678957282189716
outcome_next_atc__g2__x0__ohe,0.0,0.0,0.0,2937.0,0.0,0.0,0.0,0.0,0.0,0.0,0.0,0.0,708.0,1.0,0.20056497175141244,0.0,0.0,0.4007061906412794
outcome_next_atc__g2__x1__ohe,0.0,0.0,0.0,2937.0,0.0,0.0,0.0,0.0,0.0,0.0,0.0,0.0,708.0,1.0,0.043785310734463276,0.0,0.0,0.20476175608996466
outcome_next_atc__groups__j01a__ohe,0.0,0.0,0.0,2937.0,0.0,0.0,0.0,0.0,0.0,0.0,0.0,0.0,708.0,1.0,0.011299435028248588,0.0,0.0,0.10577125996181332
outcome_next_atc__groups__j01c__ohe,0.0,0.0,0.0,2937.0,0.0,0.0,0.0,0.0,0.0,0.0,0.0,1.0,708.0,1.0,0.3474576271186441,0.0,0.0,0.47649923264491534
outcome_next_atc__groups__j01d__ohe,0.0,0.0,0.0,2937.0,0.0,0.0,0.0,0.0,0.0,0.0,0.0,1.0,708.0,1.0,0.4971751412429379,0.0,0.0,0.5003454963076703
outcome_next_atc__groups__j01e__ohe,0.0,0.0,0.0,2937.0,0.0,0.0,0.0,0.0,0.0,0.0,0.0,0.0,708.0,1.0,0.046610169491525424,0.0,0.0,0.21095145277254043
outcome_next_atc__groups__j01f__ohe,0.0,0.0,0.0,2937.0,0.0,0.0,0.0,0.0,0.0,0.0,0.0,0.0,708.0,1.0,0.0211864406779661,0.0,0.0,0.1441072767045249
outcome_next_atc__groups__j01g__ohe,0.0,0.0,0.0,2937.0,0.0,0.0,0.0,0.0,0.0,0.0,0.0,0.0,708.0,1.0,0.002824858757062147,0.0,0.0,0.053111799066887795
outcome_next_atc__groups__j01m__ohe,0.0,0.0,0.0,2937.0,0.0,0.0,0.0,0.0,0.0,0.0,0.0,0.0,708.0,1.0,0.09745762711864407,0.0,0.0,0.29678957282189716
outcome_next_atc__groups__j01x__ohe,0.0,0.0,0.0,2937.0,0.0,0.0,0.0,0.0,0.0,0.0,0.0,0.0,708.0,1.0,0.043785310734463276,0.0,0.0,0.20476175608996466
outcome_next_atc__groups__j01z__ohe,0.0,0.0,0.0,2937.0,0.0,0.0,0.0,0.0,0.0,0.0,0.0,0.0,708.0,1.0,0.20056497175141244,0.0,0.0,0.4007061906412794
outcome_next_atc__groups__none__ohe,1.0,1.0,1.0,2937.0,1.0,1.0,1.0,0.0,0.0,0.0,0.0,0.0,708.0,0.0,0.0,0.0,0.0,0.0
outcome_on_icu_restart,0.0,0.0,1.0,2937.0,1.0,0.26115083418454205,0.0,0.0,0.43933676720778947,1.0,1.0,1.0,708.0,1.0,1.0,1.0,0.0,0.0
outcome_readmission_in_72h,0.0,0.0,0.0,2937.0,1.0,0.057882192713653385,0.0,0.0,0.23356030912127435,0.0,0.0,0.0,708.0,1.0,0.0480225988700565,0.0,0.0,0.2139651640485757
outcome_restart_in_72h,0.0,0.0,0.0,2937.0,1.0,0.08478038815117467,0.0,0.0,0.2786020494514867,1.0,1.0,1.0,708.0,1.0,1.0,1.0,0.0,0.0
outcome_restart_in_72h_on_icu,0.0,0.0,0.0,2937.0,0.0,0.0,0.0,0.0,0.0,1.0,1.0,1.0,708.0,1.0,1.0,1.0,0.0,0.0
outcome_restart_same_antibiotic,0.0,0.0,0.0,2937.0,0.0,0.0,0.0,0.0,0.0,0.0,1.0,1.0,708.0,1.0,0.5790960451977402,0.0,0.0,0.49405320918526685
outcome_restart_same_antibiotic_g2,0.0,0.0,0.0,2937.0,0.0,0.0,0.0,0.0,0.0,0.0,1.0,1.0,708.0,1.0,0.6610169491525424,0.0,0.0,0.4736987204845491
outcome_restart_same_antibiotic_group,0.0,0.0,0.0,2937.0,0.0,0.0,0.0,0.0,0.0,0.0,1.0,1.0,708.0,1.0,0.692090395480226,0.0,0.0,0.46195529675697367
outcome_safely_stopped,1.0,1.0,1.0,2937.0,1.0,0.9421178072863466,0.0,0.0,0.23356030912127435,0.0,0.0,0.0,708.0,0.0,0.0,0.0,0.0,0.0
outcome_timedelta_mortality,10.996006944444444,31.15798611111111,184.30920138888888,1156.0,2238.813888888889,206.96940860085866,3.310416666666667,0.606401089547157,385.9243034975276,7.070138888888889,15.57013888888889,52.1875,361.0,2247.4972222222223,121.79360572483841,1.3569444444444445,0.4901129943502825,317.50118032554957
outcome_timedelta_previous_series_stop,2.1996527777777777,4.382986111111111,10.1828125,1120.0,1568.182638888889,26.89384486607143,1.1027777777777779,0.6186584950629894,115.00641799340896,1.6192708333333332,2.9944444444444445,7.1864583333333325,322.0,1863.0618055555556,27.150450741890957,1.1006944444444444,0.5451977401129944,142.05119439346356
outcome_timedelta_readmission,-11.145659722222222,17.42048611111111,93.5829861111111,504.0,1595.6986111111112,119.21394400352735,-257.0451388888889,0.8283963227783453,280.5784189545369,-7.009027777777778,20.897569444444443,97.79201388888889,106.0,1364.3416666666667,114.41546776729558,-194.71458333333334,0.8502824858757062,257.2030626374119
outcome_timedelta_restart,4.0862847222222225,7.243402777777778,13.766319444444445,1610.0,1508.1743055555555,24.389736887508626,0.7520833333333333,0.45182158665304734,99.70690979831011,1.3493055555555555,1.8163194444444444,2.4100694444444444,708.0,3.2958333333333334,1.9204969005021972,0.17430555555555555,0.0,0.6445396961767008
outcome_timedelta_restart__days,4.0862847222222225,7.243402777777778,13.766319444444445,1610.0,1508.1743055555555,24.389736887508626,0.7520833333333333,0.45182158665304734,99.70690979831011,1.3493055555555555,1.8163194444444444,2.4100694444444444,708.0,3.2958333333333334,1.9204969005021972,0.17430555555555555,0.0,0.6445396961767008
ph__arterial__event_m1d__max,7.429999828338623,7.46999979019165,7.5,2763.0,7.690000057220459,7.460727092454367,6.949999809265137,0.059244126659857,0.06338518066656469,7.409999847412109,7.460000038146973,7.5,684.0,7.630000114440918,7.454432734969067,7.130000114440918,0.03389830508474576,0.06834087922608546
ph__arterial__event_m1d__min,7.340000152587891,7.409999847412109,7.449999809265137,2763.0,7.570000171661377,7.388693067935166,6.760000228881836,0.059244126659857,0.094512800943061,7.309999942779541,7.389999866485596,7.440000057220459,684.0,7.579999923706055,7.366307010427553,6.679999828338623,0.03389830508474576,0.10919932830656628
resp_rate__event_m1d__last,18.0,22.0,27.374999523162842,2018.0,62.0,22.891328052203175,0.0,0.3129043241402792,7.331943208169113,19.0,23.5,28.0,575.0,78.0,24.158260881175167,0.0,0.18785310734463276,8.052780848688903
resp_rate__event_m1d__trend,-0.18959449999145012,0.0,0.15809203121200227,1943.0,54.0,0.08150683389403532,-16.799995420407505,0.33844058563159685,1.9703924258165713,-0.16660630206446936,0.015350304394125092,0.1975180255130339,557.0,7.8,-0.018838409371375268,-16.0,0.2132768361581921,1.099292854264492
resp_rate__start_p1d__last,17.750000476837158,22.0,28.0,2066.0,65.0,22.970135524335234,0.0,0.2965611167858359,7.700805513078608,18.0,22.0,28.050000190734863,544.0,72.0,23.50330882913926,0.0,0.23163841807909605,8.046809892503786
sedation__event_m3d__any,0.0,0.0,1.0,2937.0,1.0,0.3571671773918965,0.0,0.0,0.47924626864147635,0.0,0.0,1.0,708.0,1.0,0.3757062146892655,0.0,0.0,0.4846470987377617
sedation__event_m3d_m1d__any_increase_above_50p,0.0,0.0,0.0,2937.0,1.0,0.12155260469867211,0.0,0.0,0.32682401590374127,0.0,0.0,0.0,708.0,1.0,0.1285310734463277,0.0,0.0,0.3349168072435826
sedation__start_p1d__any,0.0,0.0,0.0,2937.0,1.0,0.21416411304051752,0.0,0.0,0.4103110623424926,0.0,0.0,0.0,708.0,1.0,0.23587570621468926,0.0,0.0,0.424845020519126
start_on_icu,1.0,1.0,1.0,2937.0,1.0,0.7517875383043923,0.0,0.0,0.43204929400108166,1.0,1.0,1.0,708.0,1.0,0.8050847457627118,0.0,0.0,0.39641550736193654
temperature__event_m1d__max,36.900001525878906,37.45000076293945,38.0,2306.0,42.70000076293945,37.51643535683492,31.799999237060547,0.21484508001361935,0.8815405310462291,37.099998474121094,37.599998474121094,38.20000076293945,551.0,41.20000076293945,37.659891201233904,34.70000076293945,0.22175141242937854,0.9282863981800162
temperature__event_m1d__trend,-0.02588046554331023,7.57914743410562e-05,0.02432741760993943,2156.0,3.25714247567313,0.0018086897098264054,-2.0,0.26591760299625467,0.12437772946001693,-0.02416651117487343,0.0029038595181122705,0.028832950333333537,529.0,7.400001525878906,0.019524795964037882,-0.3992481805328139,0.2528248587570621,0.32898916394960276
temperature__start_p1d__max,37.099998474121094,37.70000076293945,38.400001525878906,2172.0,42.79999923706055,37.76390425012915,33.20000076293945,0.2604698672114402,1.0562332633890228,37.099998474121094,37.70000076293945,38.400001525878906,513.0,41.79999923706055,37.70857704638505,25.399999618530273,0.2754237288135593,1.2280751106297885
trombocytes__event_m3d__last,158.0,254.0,365.0,2865.0,1000.0,276.08202443280976,1.0,0.024514811031664963,167.59142185761712,124.0,226.0,342.5,691.0,1000.0,251.17366136034732,3.0,0.02401129943502825,163.30733523039703
trombocytes__event_m3d__trend,-0.6404026283325313,0.18838604406207174,1.0786732600071305,2682.0,405.0704225473452,0.0818457920411911,-450.0000001047738,0.08682328907048008,12.391795191022116,-0.6127278197701582,0.09545417261290637,0.9758253636897483,658.0,420.77922089627623,0.4328400353397115,-299.1358291435018,0.07062146892655367,20.440365093099174
