adm_hosp_loc__vumc__ohe,0,0,0,0,0,0,0,0,0,1,1,1,1,1,1,1,1,1
agg,25%,50%,75%,count,max,mean,min,missing,std,25%,50%,75%,count,max,mean,min,missing,std
feature,,,,,,,,,,,,,,,,,,
ab_duration_full__days,0.9755208333333333,2.5472222222222225,6.0074652777777775,2072.0,579.0763888888889,5.200893862612612,0.0,0.0,14.733672102241538,2.38125,4.079861111111111,6.846527777777778,1573.0,89.07638888888889,6.203683690047327,0.0,0.0,7.725239668189935
ab_duration_shortest_in_last_24h,0.7803819444444444,1.634375,3.498263888888889,2072.0,79.20138888888889,2.8216303356928356,0.0,0.0,4.083247925493389,1.6611111111111112,3.3402777777777777,5.009027777777778,1573.0,65.62777777777778,4.222021349862259,0.0,0.0,4.594085677801963
adm_hosp_age,51.0,61.0,69.0,2072.0,94.0,58.80598455598456,18.0,0.0,14.508926069118393,54.0,65.0,72.0,1573.0,93.0,61.42339478703115,18.0,0.0,15.708339203402712
adm_hosp_loc__amc__ohe,1.0,1.0,1.0,2072.0,1.0,1.0,1.0,0.0,0.0,0.0,0.0,0.0,1573.0,0.0,0.0,0.0,0.0,0.0
adm_hosp_loc__vumc__ohe,0.0,0.0,0.0,2072.0,0.0,0.0,0.0,0.0,0.0,1.0,1.0,1.0,1573.0,1.0,1.0,1.0,0.0,0.0
adm_hosp_oper__medical__ohe,0.0,0.0,1.0,2072.0,1.0,0.43967181467181465,0.0,0.0,0.4964669851328324,0.0,0.0,1.0,1573.0,1.0,0.4926891290527654,0.0,0.0,0.5001055391058399
adm_hosp_oper__surgical__ohe,0.0,1.0,1.0,2072.0,1.0,0.5603281853281853,0.0,0.0,0.4964669851328324,0.0,1.0,1.0,1573.0,1.0,0.5073108709472346,0.0,0.0,0.5001055391058399
adm_hosp_route__elective__ohe,0.0,0.0,1.0,2072.0,1.0,0.26206563706563707,0.0,0.0,0.4398643172746253,0.0,0.0,0.0,1573.0,1.0,0.24856961220597584,0.0,0.0,0.43232115220449785
adm_hosp_route__unknown__ohe,0.0,0.0,0.0,2072.0,1.0,0.0014478764478764478,0.0,0.0,0.03803259403343158,0.0,0.0,0.0,1573.0,0.0,0.0,0.0,0.0,0.0
adm_hosp_route__unplanned__ohe,0.0,1.0,1.0,2072.0,1.0,0.7364864864864865,0.0,0.0,0.4406448139517688,1.0,1.0,1.0,1573.0,1.0,0.7514303877940242,0.0,0.0,0.43232115220449785
adm_hosp_specialism__8400__ohe,0.0,0.0,0.0,2072.0,1.0,0.03861003861003861,0.0,0.0,0.19271021483207948,0.0,0.0,0.0,1573.0,1.0,0.018436109345200253,0.0,0.0,0.13456496872234258
adm_hosp_specialism__car__ohe,0.0,0.0,0.0,2072.0,1.0,0.10183397683397684,0.0,0.0,0.302502862928881,0.0,0.0,0.0,1573.0,1.0,0.06484424666242848,0.0,0.0,0.2463291396970489
adm_hosp_specialism__chi__ohe,0.0,0.0,0.0,2072.0,1.0,0.21476833976833976,0.0,0.0,0.4107606732186124,0.0,0.0,1.0,1573.0,1.0,0.30260648442466626,0.0,0.0,0.4595324218169247
adm_hosp_specialism__ctc__ohe,0.0,0.0,0.0,2072.0,1.0,0.06708494208494209,0.0,0.0,0.2502294389455676,0.0,0.0,0.0,1573.0,1.0,0.03814367450731087,0.0,0.0,0.19160394957329915
adm_hosp_specialism__int__ohe,0.0,0.0,0.0,2072.0,1.0,0.1718146718146718,0.0,0.0,0.3773103476224484,0.0,0.0,0.0,1573.0,1.0,0.21741894469167197,0.0,0.0,0.4126211140846442
adm_hosp_specialism__kin__ohe,0.0,0.0,0.0,2072.0,0.0,0.0,0.0,0.0,0.0,0.0,0.0,0.0,1573.0,1.0,0.0025429116338207248,0.0,0.0,0.05037914994343749
adm_hosp_specialism__kno__ohe,0.0,0.0,0.0,2072.0,1.0,0.0009652509652509653,0.0,0.0,0.031060986552202234,0.0,0.0,0.0,1573.0,1.0,0.013350286077558804,0.0,0.0,0.1148060761007488
adm_hosp_specialism__lon__ohe,0.0,0.0,0.0,2072.0,1.0,0.09942084942084942,0.0,0.0,0.29929847561942985,0.0,0.0,0.0,1573.0,1.0,0.20851875397329941,0.0,0.0,0.40637872687239185
adm_hosp_specialism__mdl__ohe,0.0,0.0,0.0,2072.0,1.0,0.024613899613899613,0.0,0.0,0.15498273469625903,0.0,0.0,0.0,1573.0,1.0,0.017800381436745075,0.0,0.0,0.13226734175340069
adm_hosp_specialism__mka__ohe,0.0,0.0,0.0,2072.0,1.0,0.0028957528957528956,0.0,0.0,0.05374720179627713,0.0,0.0,0.0,1573.0,1.0,0.0006357279084551812,0.0,0.0,0.02521364528296496
adm_hosp_specialism__nch__ohe,0.0,0.0,0.0,2072.0,1.0,0.061293436293436296,0.0,0.0,0.2399256821908874,0.0,0.0,0.0,1573.0,1.0,0.01589319771137953,0.0,0.0,0.1251021721294684
adm_hosp_specialism__neu__ohe,0.0,0.0,0.0,2072.0,1.0,0.12210424710424711,0.0,0.0,0.3274852055682323,0.0,0.0,0.0,1573.0,1.0,0.052129688493324854,0.0,0.0,0.22235920659595315
adm_hosp_specialism__oog__ohe,0.0,0.0,0.0,2072.0,1.0,0.00048262548262548264,0.0,0.0,0.02196873875818734,0.0,0.0,0.0,1573.0,0.0,0.0,0.0,0.0,0.0
adm_hosp_specialism__ort__ohe,0.0,0.0,0.0,2072.0,1.0,0.0014478764478764478,0.0,0.0,0.03803259403343158,0.0,0.0,0.0,1573.0,1.0,0.003178639542275906,0.0,0.0,0.05630764957753928
adm_hosp_specialism__pch__ohe,0.0,0.0,0.0,2072.0,1.0,0.00048262548262548264,0.0,0.0,0.021968738758187344,0.0,0.0,0.0,1573.0,0.0,0.0,0.0,0.0,0.0
adm_hosp_specialism__psy__ohe,0.0,0.0,0.0,2072.0,0.0,0.0,0.0,0.0,0.0,0.0,0.0,0.0,1573.0,1.0,0.0006357279084551812,0.0,0.0,0.02521364528296496
adm_hosp_specialism__rad__ohe,0.0,0.0,0.0,2072.0,0.0,0.0,0.0,0.0,0.0,0.0,0.0,0.0,1573.0,1.0,0.0012714558169103624,0.0,0.0,0.03564613587441797
adm_hosp_specialism__reu__ohe,0.0,0.0,0.0,2072.0,1.0,0.005308880308880309,0.0,0.0,0.0726859403726887,0.0,0.0,0.0,1573.0,1.0,0.0012714558169103624,0.0,0.0,0.03564613587441798
adm_hosp_specialism__rth__ohe,0.0,0.0,0.0,2072.0,1.0,0.00048262548262548264,0.0,0.0,0.02196873875818734,0.0,0.0,0.0,1573.0,0.0,0.0,0.0,0.0,0.0
adm_hosp_specialism__seh__ohe,0.0,0.0,0.0,2072.0,1.0,0.07287644787644787,0.0,0.0,0.2599963380222153,0.0,0.0,0.0,1573.0,1.0,0.03560076287349015,0.0,0.0,0.18535152847719497
adm_hosp_specialism__uro__ohe,0.0,0.0,0.0,2072.0,1.0,0.0028957528957528956,0.0,0.0,0.05374720179627713,0.0,0.0,0.0,1573.0,1.0,0.0050858232676414495,0.0,0.0,0.0711560009550874
adm_hosp_specialism__vro__ohe,0.0,0.0,0.0,2072.0,1.0,0.010617760617760617,0.0,0.0,0.10251876031967977,0.0,0.0,0.0,1573.0,1.0,0.0006357279084551812,0.0,0.0,0.025213645282964964
adm_hosp_subspecialism__card__ohe,0.0,0.0,0.0,2072.0,1.0,0.10183397683397684,0.0,0.0,0.302502862928881,0.0,0.0,0.0,1573.0,1.0,0.06484424666242848,0.0,0.0,0.2463291396970489
adm_hosp_subspecialism__chge__ohe,0.0,0.0,0.0,2072.0,1.0,0.016891891891891893,0.0,0.0,0.12889753487650518,0.0,0.0,0.0,1573.0,1.0,0.02733630006357279,0.0,0.0,0.16311327628850122
adm_hosp_subspecialism__chir__ohe,0.0,0.0,0.0,2072.0,1.0,0.09218146718146718,0.0,0.0,0.28935177871186124,0.0,0.0,0.0,1573.0,1.0,0.03496503496503497,0.0,0.0,0.18374968293220653
adm_hosp_subspecialism__chlo__ohe,0.0,0.0,0.0,2072.0,0.0,0.0,0.0,0.0,0.0,0.0,0.0,0.0,1573.0,1.0,0.013350286077558804,0.0,0.0,0.1148060761007488
adm_hosp_subspecialism__conc__ohe,0.0,0.0,0.0,2072.0,0.0,0.0,0.0,0.0,0.0,0.0,0.0,0.0,1573.0,1.0,0.024157660521296885,0.0,0.0,0.1535873177898226
adm_hosp_subspecialism__ctch__ohe,0.0,0.0,0.0,2072.0,1.0,0.06515444015444015,0.0,0.0,0.24685775190598053,0.0,0.0,0.0,1573.0,1.0,0.036872218690400506,0.0,0.0,0.18850795455026742
adm_hosp_subspecialism__ctck__ohe,0.0,0.0,0.0,2072.0,1.0,0.00048262548262548264,0.0,0.0,0.021968738758187344,0.0,0.0,0.0,1573.0,0.0,0.0,0.0,0.0,0.0
adm_hosp_subspecialism__ctcv__ohe,0.0,0.0,0.0,2072.0,1.0,0.0014478764478764478,0.0,0.0,0.03803259403343157,0.0,0.0,0.0,1573.0,1.0,0.0012714558169103624,0.0,0.0,0.03564613587441798
adm_hosp_subspecialism__ctra__ohe,0.0,0.0,0.0,2072.0,1.0,0.08445945945945946,0.0,0.0,0.2781427631881729,0.0,0.0,0.0,1573.0,1.0,0.1589319771137953,0.0,0.0,0.3657289122115585
adm_hosp_subspecialism__cvat__ohe,0.0,0.0,0.0,2072.0,1.0,0.021235521235521235,0.0,0.0,0.14420336293584582,0.0,0.0,0.0,1573.0,1.0,0.043865225683407505,0.0,0.0,0.20486031271975716
adm_hosp_subspecialism__ic__ohe,0.0,0.0,0.0,2072.0,1.0,0.03861003861003861,0.0,0.0,0.19271021483207948,0.0,0.0,0.0,1573.0,1.0,0.018436109345200253,0.0,0.0,0.13456496872234258
adm_hosp_subspecialism__iend__ohe,0.0,0.0,0.0,2072.0,1.0,0.00048262548262548264,0.0,0.0,0.021968738758187344,0.0,0.0,0.0,1573.0,0.0,0.0,0.0,0.0,0.0
adm_hosp_subspecialism__ihem__ohe,0.0,0.0,0.0,2072.0,1.0,0.033301158301158304,0.0,0.0,0.17946513709023285,0.0,0.0,0.0,1573.0,1.0,0.059758423394787034,0.0,0.0,0.23711410084578394
adm_hosp_subspecialism__iinf__ohe,0.0,0.0,0.0,2072.0,1.0,0.013996138996138996,0.0,0.0,0.11750281126959813,0.0,0.0,0.0,1573.0,1.0,0.0006357279084551812,0.0,0.0,0.025213645282964964
adm_hosp_subspecialism__inef__ohe,0.0,0.0,0.0,2072.0,1.0,0.00723938223938224,0.0,0.0,0.08479648504283722,0.0,0.0,0.0,1573.0,1.0,0.012714558169103624,0.0,0.0,0.1120753473510283
adm_hosp_subspecialism__init__ohe,0.0,0.0,0.0,2072.0,1.0,0.00048262548262548264,0.0,0.0,0.021968738758187344,0.0,0.0,0.0,1573.0,0.0,0.0,0.0,0.0,0.0
adm_hosp_subspecialism__inta__ohe,0.0,0.0,0.0,2072.0,1.0,0.11293436293436293,0.0,0.0,0.3165889534755625,0.0,0.0,0.0,1573.0,1.0,0.13286713286713286,0.0,0.0,0.3395390240819678
adm_hosp_subspecialism__ionc__ohe,0.0,0.0,0.0,2072.0,1.0,0.0019305019305019305,0.0,0.0,0.04390564260516712,0.0,0.0,0.0,1573.0,1.0,0.01144310235219326,0.0,0.0,0.10639245175227603
adm_hosp_subspecialism__ioud__ohe,0.0,0.0,0.0,2072.0,1.0,0.00048262548262548264,0.0,0.0,0.021968738758187344,0.0,0.0,0.0,1573.0,0.0,0.0,0.0,0.0,0.0
adm_hosp_subspecialism__ivas__ohe,0.0,0.0,0.0,2072.0,1.0,0.0009652509652509653,0.0,0.0,0.031060986552202234,0.0,0.0,0.0,1573.0,0.0,0.0,0.0,0.0,0.0
adm_hosp_subspecialism__khem__ohe,0.0,0.0,0.0,2072.0,0.0,0.0,0.0,0.0,0.0,0.0,0.0,0.0,1573.0,1.0,0.0025429116338207248,0.0,0.0,0.05037914994343749
adm_hosp_subspecialism__knoh__ohe,0.0,0.0,0.0,2072.0,1.0,0.0009652509652509653,0.0,0.0,0.031060986552202234,0.0,0.0,0.0,1573.0,1.0,0.013350286077558804,0.0,0.0,0.1148060761007488
adm_hosp_subspecialism__long__ohe,0.0,0.0,0.0,2072.0,1.0,0.09942084942084942,0.0,0.0,0.29929847561942985,0.0,0.0,0.0,1573.0,1.0,0.20851875397329941,0.0,0.0,0.40637872687239185
adm_hosp_subspecialism__mdlz__ohe,0.0,0.0,0.0,2072.0,1.0,0.024613899613899613,0.0,0.0,0.15498273469625903,0.0,0.0,0.0,1573.0,1.0,0.017800381436745075,0.0,0.0,0.13226734175340069
adm_hosp_subspecialism__mkaa__ohe,0.0,0.0,0.0,2072.0,1.0,0.0028957528957528956,0.0,0.0,0.05374720179627713,0.0,0.0,0.0,1573.0,1.0,0.0006357279084551812,0.0,0.0,0.02521364528296496
adm_hosp_subspecialism__nchi__ohe,0.0,0.0,0.0,2072.0,1.0,0.057432432432432436,0.0,0.0,0.23272319861917212,0.0,0.0,0.0,1573.0,1.0,0.01589319771137953,0.0,0.0,0.1251021721294684
adm_hosp_subspecialism__nchv__ohe,0.0,0.0,0.0,2072.0,1.0,0.003861003861003861,0.0,0.0,0.06203187592413512,0.0,0.0,0.0,1573.0,0.0,0.0,0.0,0.0,0.0
adm_hosp_subspecialism__neuv__ohe,0.0,0.0,0.0,2072.0,1.0,0.12210424710424711,0.0,0.0,0.3274852055682323,0.0,0.0,0.0,1573.0,1.0,0.052129688493324854,0.0,0.0,0.22235920659595315
adm_hosp_subspecialism__oogh__ohe,0.0,0.0,0.0,2072.0,1.0,0.00048262548262548264,0.0,0.0,0.02196873875818734,0.0,0.0,0.0,1573.0,0.0,0.0,0.0,0.0,0.0
adm_hosp_subspecialism__orth__ohe,0.0,0.0,0.0,2072.0,1.0,0.0014478764478764478,0.0,0.0,0.03803259403343158,0.0,0.0,0.0,1573.0,1.0,0.003178639542275906,0.0,0.0,0.05630764957753928
adm_hosp_subspecialism__pchi__ohe,0.0,0.0,0.0,2072.0,1.0,0.00048262548262548264,0.0,0.0,0.021968738758187344,0.0,0.0,0.0,1573.0,0.0,0.0,0.0,0.0,0.0
adm_hosp_subspecialism__psyc__ohe,0.0,0.0,0.0,2072.0,0.0,0.0,0.0,0.0,0.0,0.0,0.0,0.0,1573.0,1.0,0.0006357279084551812,0.0,0.0,0.02521364528296496
adm_hosp_subspecialism__reum__ohe,0.0,0.0,0.0,2072.0,1.0,0.005308880308880309,0.0,0.0,0.0726859403726887,0.0,0.0,0.0,1573.0,1.0,0.0012714558169103624,0.0,0.0,0.03564613587441798
adm_hosp_subspecialism__rint__ohe,0.0,0.0,0.0,2072.0,0.0,0.0,0.0,0.0,0.0,0.0,0.0,0.0,1573.0,1.0,0.0012714558169103624,0.0,0.0,0.03564613587441797
adm_hosp_subspecialism__rthe__ohe,0.0,0.0,0.0,2072.0,1.0,0.00048262548262548264,0.0,0.0,0.02196873875818734,0.0,0.0,0.0,1573.0,0.0,0.0,0.0,0.0,0.0
adm_hosp_subspecialism__sehl__ohe,0.0,0.0,0.0,2072.0,1.0,0.07287644787644787,0.0,0.0,0.2599963380222153,0.0,0.0,0.0,1573.0,1.0,0.03560076287349015,0.0,0.0,0.18535152847719497
adm_hosp_subspecialism__urov__ohe,0.0,0.0,0.0,2072.0,1.0,0.0028957528957528956,0.0,0.0,0.05374720179627713,0.0,0.0,0.0,1573.0,1.0,0.0050858232676414495,0.0,0.0,0.0711560009550874
adm_hosp_subspecialism__vgyn__ohe,0.0,0.0,0.0,2072.0,1.0,0.004826254826254826,0.0,0.0,0.06932013590426195,0.0,0.0,0.0,1573.0,0.0,0.0,0.0,0.0,0.0
adm_hosp_subspecialism__vobs__ohe,0.0,0.0,0.0,2072.0,1.0,0.005791505791505791,0.0,0.0,0.07589956873582276,0.0,0.0,0.0,1573.0,1.0,0.0006357279084551812,0.0,0.0,0.025213645282964964
atc_first_24h__g2__a0__ohe,0.0,0.0,0.0,2072.0,1.0,0.004343629343629344,0.0,0.0,0.06577879959419873,0.0,0.0,0.0,1573.0,1.0,0.012078830260648443,0.0,0.0,0.10927270035980376
atc_first_24h__g2__c0__ohe,0.0,0.0,0.0,2072.0,1.0,0.1274131274131274,0.0,0.0,0.33351567596502235,0.0,0.0,0.0,1573.0,1.0,0.09027336300063572,0.0,0.0,0.2866641322457827
atc_first_24h__g2__c1__ohe,0.0,0.0,0.0,2072.0,1.0,0.11583011583011583,0.0,0.0,0.32009834633786194,0.0,0.0,0.0,1573.0,1.0,0.14367450731087095,0.0,0.0,0.35087092780967893
atc_first_24h__g2__d0__ohe,0.0,1.0,1.0,2072.0,1.0,0.5111003861003861,0.0,0.0,0.4999974365553269,0.0,1.0,1.0,1573.0,1.0,0.5416401780038144,0.0,0.0,0.49842153410748097
atc_first_24h__g2__d1__ohe,0.0,0.0,0.0,2072.0,1.0,0.0719111969111969,0.0,0.0,0.25840317845668886,0.0,0.0,0.0,1573.0,1.0,0.056579783852511126,0.0,0.0,0.23111137511618882
atc_first_24h__g2__e0__ohe,0.0,0.0,0.0,2072.0,1.0,0.029922779922779922,0.0,0.0,0.17041544324211605,0.0,0.0,0.0,1573.0,1.0,0.056579783852511126,0.0,0.0,0.23111137511618884
atc_first_24h__g2__f0__ohe,0.0,0.0,0.0,2072.0,1.0,0.01447876447876448,0.0,0.0,0.11948229922834946,0.0,0.0,0.0,1573.0,1.0,0.017164653528289893,0.0,0.0,0.12992597803227757
atc_first_24h__g2__g0__ohe,0.0,0.0,0.0,2072.0,1.0,0.037644787644787646,0.0,0.0,0.1903815916552622,0.0,0.0,0.0,1573.0,1.0,0.006357279084551812,0.0,0.0,0.07950397756446877
atc_first_24h__g2__m0__ohe,0.0,0.0,0.0,2072.0,1.0,0.1500965250965251,0.0,0.0,0.35725222929068345,0.0,0.0,0.0,1573.0,1.0,0.22822631913541006,0.0,0.0,0.4198227175147482
atc_first_24h__g2__x0__ohe,0.0,0.0,0.0,2072.0,1.0,0.18146718146718147,0.0,0.0,0.38549781555584617,0.0,0.0,0.0,1573.0,1.0,0.12460267005721551,0.0,0.0,0.33037286810148175
atc_first_24h__g2__x1__ohe,0.0,0.0,0.0,2072.0,1.0,0.13754826254826255,0.0,0.0,0.344508372779787,0.0,0.0,0.0,1573.0,1.0,0.12142403051493961,0.0,0.0,0.32672327445954397
atc_first_24h__g2__x2__ohe,0.0,0.0,0.0,2072.0,1.0,0.004343629343629344,0.0,0.0,0.06577879959419873,0.0,0.0,0.0,1573.0,1.0,0.0025429116338207248,0.0,0.0,0.050379149943437486
atc_first_24h__groups__j01a__ohe,0.0,0.0,0.0,2072.0,1.0,0.004343629343629344,0.0,0.0,0.06577879959419873,0.0,0.0,0.0,1573.0,1.0,0.012078830260648443,0.0,0.0,0.10927270035980376
atc_first_24h__groups__j01c__ohe,0.0,0.0,0.0,2072.0,1.0,0.24227799227799227,0.0,0.0,0.4285650587688085,0.0,0.0,0.0,1573.0,1.0,0.23204068658614113,0.0,0.0,0.4222690655706983
atc_first_24h__groups__j01d__ohe,0.0,1.0,1.0,2072.0,1.0,0.5781853281853282,0.0,0.0,0.4939684376549911,0.0,1.0,1.0,1573.0,1.0,0.5944055944055944,0.0,0.0,0.49116285216597727
atc_first_24h__groups__j01e__ohe,0.0,0.0,0.0,2072.0,1.0,0.029922779922779922,0.0,0.0,0.17041544324211605,0.0,0.0,0.0,1573.0,1.0,0.056579783852511126,0.0,0.0,0.23111137511618884
atc_first_24h__groups__j01f__ohe,0.0,0.0,0.0,2072.0,1.0,0.01447876447876448,0.0,0.0,0.11948229922834946,0.0,0.0,0.0,1573.0,1.0,0.017164653528289893,0.0,0.0,0.12992597803227757
atc_first_24h__groups__j01g__ohe,0.0,0.0,0.0,2072.0,1.0,0.037644787644787646,0.0,0.0,0.1903815916552622,0.0,0.0,0.0,1573.0,1.0,0.006357279084551812,0.0,0.0,0.07950397756446877
atc_first_24h__groups__j01m__ohe,0.0,0.0,0.0,2072.0,1.0,0.1500965250965251,0.0,0.0,0.35725222929068345,0.0,0.0,0.0,1573.0,1.0,0.22822631913541006,0.0,0.0,0.4198227175147482
atc_first_24h__groups__j01x__ohe,0.0,0.0,0.0,2072.0,1.0,0.13947876447876448,0.0,0.0,0.3465290659690601,0.0,0.0,0.0,1573.0,1.0,0.12396694214876033,0.0,0.0,0.329648635406031
atc_first_24h__groups__j01z__ohe,0.0,0.0,0.0,2072.0,1.0,0.18146718146718147,0.0,0.0,0.38549781555584617,0.0,0.0,0.0,1573.0,1.0,0.12460267005721551,0.0,0.0,0.33037286810148175
atc_last_24h__g2__a0__ohe,0.0,0.0,0.0,2072.0,1.0,0.004826254826254826,0.0,0.0,0.06932013590426195,0.0,0.0,0.0,1573.0,1.0,0.01652892561983471,0.0,0.0,0.12753846881095895
atc_last_24h__g2__c0__ohe,0.0,0.0,0.0,2072.0,1.0,0.11438223938223938,0.0,0.0,0.3183517798818467,0.0,0.0,0.0,1573.0,1.0,0.07692307692307693,0.0,0.0,0.2665540964199611
atc_last_24h__g2__c1__ohe,0.0,0.0,0.0,2072.0,1.0,0.11196911196911197,0.0,0.0,0.3154045680344831,0.0,0.0,0.0,1573.0,1.0,0.15448188175460903,0.0,0.0,0.36152499195091364
atc_last_24h__g2__d0__ohe,0.0,0.0,1.0,2072.0,1.0,0.47393822393822393,0.0,0.0,0.49944085785386255,0.0,0.0,1.0,1573.0,1.0,0.4691671964399237,0.0,0.0,0.49920713792656224
atc_last_24h__g2__d1__ohe,0.0,0.0,0.0,2072.0,1.0,0.07818532818532818,0.0,0.0,0.26852780750989796,0.0,0.0,0.0,1573.0,1.0,0.06420851875397329,0.0,0.0,0.24520197263247173
atc_last_24h__g2__e0__ohe,0.0,0.0,0.0,2072.0,1.0,0.03088803088803089,0.0,0.0,0.17305610160811483,0.0,0.0,0.0,1573.0,1.0,0.062301335028607754,0.0,0.0,0.24177891027746726
atc_last_24h__g2__f0__ohe,0.0,0.0,0.0,2072.0,1.0,0.00916988416988417,0.0,0.0,0.09534245931850166,0.0,0.0,0.0,1573.0,1.0,0.012078830260648443,0.0,0.0,0.10927270035980376
atc_last_24h__g2__g0__ohe,0.0,0.0,0.0,2072.0,1.0,0.019305019305019305,0.0,0.0,0.13762803920064756,0.0,0.0,0.0,1573.0,1.0,0.003814367450731087,0.0,0.0,0.06166226754456625
atc_last_24h__g2__m0__ohe,0.0,0.0,0.0,2072.0,1.0,0.14333976833976833,0.0,0.0,0.3505035963153304,0.0,0.0,0.0,1573.0,1.0,0.18753973299427845,0.0,0.0,0.3904683189726187
atc_last_24h__g2__x0__ohe,0.0,0.0,0.0,2072.0,1.0,0.1998069498069498,0.0,0.0,0.39995166461940296,0.0,0.0,0.0,1573.0,1.0,0.14621741894469167,0.0,0.0,0.3534364140194266
atc_last_24h__g2__x1__ohe,0.0,0.0,0.0,2072.0,1.0,0.12113899613899613,0.0,0.0,0.3263675029276348,0.0,0.0,0.0,1573.0,1.0,0.09853782581055308,0.0,0.0,0.2981352530890228
atc_last_24h__g2__x2__ohe,0.0,0.0,0.0,2072.0,1.0,0.005791505791505791,0.0,0.0,0.07589956873582276,0.0,0.0,0.0,1573.0,1.0,0.00572155117609663,0.0,0.0,0.07544821977563436
bmi,23.48733521118705,26.4,30.5,1992.0,60.2,27.292612445768473,13.6,0.03861003861003861,5.732363421378733,23.2,26.1,29.8,1518.0,58.3,27.04835309617918,15.2,0.03496503496503497,5.6738172596416785
bp_sys__event_m1d__min,83.0,94.0,107.0,2068.0,176.0,96.4990328820116,37.0,0.0019305019305019305,20.37145377042928,86.0,96.0,110.0,1569.0,184.0,98.83046526449968,37.0,0.0025429116338207248,18.281055903563317
crp__event_m3d__last,28.550000190734863,85.9000015258789,163.75,599.0,634.7999877929688,116.8996662591057,0.4000000059604645,0.7109073359073359,115.52694504254045,38.75,77.0,148.25,1552.0,486.0,106.87081185545888,0.4000000059604645,0.013350286077558804,93.3650802638029
crp__event_m3d__trend,-1.141627033294368,-0.06825349048684622,1.4790729471523882,158.0,437.1425653670955,0.5716852912174605,-229.09090618841532,0.9237451737451737,44.38827137108698,-1.1883872775569988,-0.37533877297961354,0.24961854802512107,1482.0,383.0769230632012,-0.11648632231508296,-290.0000000675209,0.05785123966942149,17.12903728504124
crp__start_p1d__last,41.14999961853027,100.5,236.3499984741211,387.0,634.7999877929688,146.06640860723277,0.6000000238418579,0.8132239382239382,133.6697690646794,58.0,116.0,212.0,1355.0,638.0,144.61867158764844,0.6000000238418579,0.1385886840432295,111.09444807894681
heart_rate__event_m1d__last,79.0,92.0,106.0,2070.0,175.0,92.97294685990339,41.0,0.0009652509652509653,19.173654857929353,74.0,87.0,101.0,1571.0,177.0,87.71355824315722,39.0,0.0012714558169103624,19.19804762514838
heart_rate__event_m1d__trend,-0.43435506023685744,-0.0482407186600354,0.3236049359520521,2062.0,22.0,-0.09870108202256123,-26.142857139874295,0.004826254826254826,1.3320812992127546,-0.4283397368105761,-0.033652285883245606,0.3456219405058363,1568.0,6.9552714373513,-0.05930090012973383,-8.682689382419403,0.003178639542275906,0.841031700071841
heart_rate__start_p1d__last,80.0,93.0,106.0,1981.0,163.0,93.73043917213529,41.0,0.04391891891891892,19.42215821052092,77.0,91.0,104.0,1479.0,187.0,91.01893171061528,39.0,0.059758423394787034,20.003813403568294
is_sdd_within_14d_before_stop,0.0,0.0,1.0,2072.0,1.0,0.4343629343629344,0.0,0.0,0.49579270868207376,0.0,0.0,1.0,1573.0,1.0,0.49841068022886204,0.0,0.0,0.5001564810483966
is_sex__female,0.0,0.0,1.0,2072.0,1.0,0.37403474903474904,0.0,0.0,0.483989471523569,0.0,0.0,1.0,1573.0,1.0,0.277177368086459,0.0,0.0,0.44774716511002166
is_sex__male,0.0,1.0,1.0,2072.0,1.0,0.625965250965251,0.0,0.0,0.4839894715235691,0.0,1.0,1.0,1573.0,1.0,0.722822631913541,0.0,0.0,0.44774716511002166
kreat__event_m1d__last,57.0,86.0,148.0,1883.0,1007.0,123.93096123207647,7.0,0.09121621621621621,109.96557529387623,52.79999923706055,72.0,115.0,1369.0,891.0,99.08173847233317,7.099999904632568,0.12968849332485696,85.19673102557272
lactate__event_m3d__last,0.8999999761581421,1.2999999523162842,1.7000000476837158,2015.0,21.799999237060547,1.4625806432947628,0.20000000298023224,0.02750965250965251,1.0091287746781672,0.800000011920929,1.0,1.399999976158142,1493.0,11.600000381469727,1.1692096457454237,0.30000001192092896,0.0508582326764145,0.6576228947898929
lactate__event_m3d__trend,-0.01019450372653188,-0.0017931266364992365,0.004713713119975973,1920.0,0.5910347522902558,-0.014907875096537794,-9.614244342549421,0.07335907335907337,0.2487994204156484,-0.006885867421353601,-0.001232567456237206,0.0025820156301638933,1453.0,0.4563394784015096,-0.006919826306365165,-1.2448644350705231,0.07628734901462174,0.04749834544593867
lactate__start_p1d__last,1.0,1.2999999523162842,1.899999976158142,1809.0,18.799999237060547,1.7071310107535984,0.0,0.12693050193050193,1.4663666629268948,0.8999999761581421,1.2000000476837158,1.7000000476837158,1371.0,12.300000190734863,1.4979358151348554,0.4000000059604645,0.12841703750794659,1.1924810923770381
leukocytes__event_m3d__last,9.0,12.600000381469727,17.32499933242798,2016.0,292.79998779296875,14.39727181314476,0.10000000149011612,0.02702702702702703,11.482095811133041,7.900000095367432,11.0,14.800000190734863,1551.0,74.4000015258789,12.07607995366124,0.10000000149011612,0.013986013986013986,6.729776035351595
leukocytes__event_m3d__trend,-0.06636014508324162,-0.005610819071909656,0.049383771445377034,1859.0,41.53846112432608,0.03510386436972725,-36.00000846572216,0.1027992277992278,1.6872843187662248,-0.06187793061549307,-0.008309076378819384,0.03486989030856425,1488.0,9.076921023269549,-0.04413751202406225,-21.521187076083645,0.0540368722186904,0.7270801255619715
mic__gram_negative__event_m3d__ohe,0.0,0.0,0.0,1392.0,1.0,0.15445402298850575,0.0,0.3281853281853282,0.36151329934825177,0.0,0.0,0.0,1209.0,1.0,0.1588089330024814,0.0,0.23140495867768596,0.3656490700612976
mic__gram_negative__start_m1d_p1d__ohe,0.0,0.0,0.0,1002.0,1.0,0.18163672654690619,0.0,0.5164092664092664,0.38573737496646215,0.0,0.0,0.0,660.0,1.0,0.20454545454545456,0.0,0.5804195804195804,0.4036750064458783
mic__gram_negative__start_m1d_p3d__ohe,0.0,0.0,0.0,1645.0,1.0,0.2109422492401216,0.0,0.20608108108108109,0.4081015327318095,0.0,0.0,0.0,1285.0,1.0,0.24124513618677043,0.0,0.18308963763509217,0.4280052331234697
mic__gram_positive__event_m3d__ohe,0.0,0.0,0.0,1392.0,1.0,0.20833333333333334,0.0,0.3281853281853282,0.4062623848321416,0.0,0.0,1.0,1209.0,1.0,0.304383788254756,0.0,0.23140495867768596,0.4603363709712155
mic__gram_positive__start_m1d_p1d__ohe,0.0,0.0,0.0,1002.0,1.0,0.23053892215568864,0.0,0.5164092664092664,0.4213881121258583,0.0,0.0,1.0,660.0,1.0,0.37575757575757573,0.0,0.5804195804195804,0.48468521645210605
mic__gram_positive__start_m1d_p3d__ohe,0.0,0.0,1.0,1645.0,1.0,0.2741641337386018,0.0,0.20608108108108109,0.4462277519612282,0.0,0.0,1.0,1285.0,1.0,0.40622568093385214,0.0,0.18308963763509217,0.4913188705082943
mic__group_acinetobacter_and_aeromonas__event_m3d__ohe,0.0,0.0,0.0,1392.0,1.0,0.0035919540229885057,0.0,0.3281853281853282,0.0598466782342664,0.0,0.0,0.0,1209.0,1.0,0.004962779156327543,0.0,0.23140495867768596,0.07030105157017599
mic__group_acinetobacter_and_aeromonas__start_m1d_p1d__ohe,0.0,0.0,0.0,1002.0,1.0,0.00499001996007984,0.0,0.5164092664092664,0.07049879304200336,0.0,0.0,0.0,660.0,1.0,0.004545454545454545,0.0,0.5804195804195804,0.06731760200160723
mic__group_acinetobacter_and_aeromonas__start_m1d_p3d__ohe,0.0,0.0,0.0,1645.0,1.0,0.007902735562310031,0.0,0.20608108108108109,0.08857229454589786,0.0,0.0,0.0,1285.0,1.0,0.007003891050583658,0.0,0.18308963763509217,0.0834281313473623
mic__group_anaerobes_excl_cutibacterium__event_m3d__ohe,0.0,0.0,0.0,1392.0,1.0,0.0035919540229885057,0.0,0.3281853281853282,0.05984667823426639,0.0,0.0,0.0,1209.0,1.0,0.0024813895781637717,0.0,0.23140495867768596,0.04977229467558002
mic__group_anaerobes_excl_cutibacterium__start_m1d_p1d__ohe,0.0,0.0,0.0,1002.0,1.0,0.003992015968063872,0.0,0.5164092664092664,0.06308765239128415,0.0,0.0,0.0,660.0,0.0,0.0,0.0,0.5804195804195804,0.0
mic__group_anaerobes_excl_cutibacterium__start_m1d_p3d__ohe,0.0,0.0,0.0,1645.0,1.0,0.006686930091185411,0.0,0.20608108108108109,0.08152456889760139,0.0,0.0,0.0,1285.0,1.0,0.007003891050583658,0.0,0.18308963763509217,0.08342813134736228
mic__group_candida__event_m3d__ohe,0.0,0.0,0.0,1392.0,1.0,0.010057471264367816,0.0,0.3281853281853282,0.09981721397545779,0.0,0.0,0.0,1209.0,1.0,0.12406947890818859,0.0,0.23140495867768596,0.3297972211666056
mic__group_candida__start_m1d_p1d__ohe,0.0,0.0,0.0,1002.0,1.0,0.003992015968063872,0.0,0.5164092664092664,0.06308765239128417,0.0,0.0,0.0,660.0,1.0,0.09090909090909091,0.0,0.5804195804195804,0.2876978228046169
mic__group_candida__start_m1d_p3d__ohe,0.0,0.0,0.0,1645.0,1.0,0.0060790273556231,0.0,0.20608108108108109,0.07775440829165732,0.0,0.0,0.0,1285.0,1.0,0.15330739299610896,0.0,0.18308963763509217,0.36042381981603816
mic__group_cns__event_m3d__ohe,0.0,0.0,0.0,1392.0,1.0,0.11135057471264367,0.0,0.3281853281853282,0.3146788223966561,0.0,0.0,0.0,1209.0,1.0,0.16377171215880892,0.0,0.23140495867768596,0.3702214311819622
mic__group_cns__start_m1d_p1d__ohe,0.0,0.0,0.0,1002.0,1.0,0.1027944111776447,0.0,0.5164092664092664,0.30384182693123357,0.0,0.0,0.0,660.0,1.0,0.18636363636363637,0.0,0.5804195804195804,0.389695170406366
mic__group_cns__start_m1d_p3d__ohe,0.0,0.0,0.0,1645.0,1.0,0.13009118541033435,0.0,0.20608108108108109,0.33650602602149104,0.0,0.0,0.0,1285.0,1.0,0.20077821011673153,0.0,0.18308963763509217,0.4007384361761186
mic__group_community_pathogens__event_m3d__ohe,0.0,0.0,0.0,1392.0,1.0,0.014367816091954023,0.0,0.3281853281853282,0.11904437270620097,0.0,0.0,0.0,1209.0,1.0,0.009925558312655087,0.0,0.23140495867768596,0.099172458742602
mic__group_community_pathogens__start_m1d_p1d__ohe,0.0,0.0,0.0,1002.0,1.0,0.015968063872255488,0.0,0.5164092664092664,0.12541444173558347,0.0,0.0,0.0,660.0,1.0,0.010606060606060607,0.0,0.5804195804195804,0.10251583079020692
mic__group_community_pathogens__start_m1d_p3d__ohe,0.0,0.0,0.0,1645.0,1.0,0.01762917933130699,0.0,0.20608108108108109,0.13163937734861095,0.0,0.0,0.0,1285.0,1.0,0.021011673151750974,0.0,0.18308963763509217,0.14347892923582697
mic__group_coryneform_or_cutibacterium_or_bacillus_like__event_m3d__ohe,0.0,0.0,0.0,1392.0,1.0,0.0035919540229885057,0.0,0.3281853281853282,0.05984667823426639,0.0,0.0,0.0,1209.0,1.0,0.015715467328370553,0.0,0.23140495867768596,0.12442385807225065
mic__group_coryneform_or_cutibacterium_or_bacillus_like__start_m1d_p1d__ohe,0.0,0.0,0.0,1002.0,1.0,0.005988023952095809,0.0,0.5164092664092664,0.07718881876635295,0.0,0.0,0.0,660.0,1.0,0.015151515151515152,0.0,0.5804195804195804,0.12224806770824174
mic__group_coryneform_or_cutibacterium_or_bacillus_like__start_m1d_p3d__ohe,0.0,0.0,0.0,1645.0,1.0,0.004863221884498481,0.0,0.20608108108108109,0.06958817956632606,0.0,0.0,0.0,1285.0,1.0,0.02178988326848249,0.0,0.18308963763509217,0.1460537051516933
mic__group_entercoc_aerococ__event_m3d__ohe,0.0,0.0,0.0,1392.0,1.0,0.040948275862068964,0.0,0.3281853281853282,0.19824163826745225,0.0,0.0,0.0,1209.0,1.0,0.05128205128205128,0.0,0.23140495867768596,0.2206637203992186
mic__group_entercoc_aerococ__start_m1d_p1d__ohe,0.0,0.0,0.0,1002.0,1.0,0.05089820359281437,0.0,0.5164092664092664,0.2198996038672773,0.0,0.0,0.0,660.0,1.0,0.0696969696969697,0.0,0.5804195804195804,0.25482875142984746
mic__group_entercoc_aerococ__start_m1d_p3d__ohe,0.0,0.0,0.0,1645.0,1.0,0.06322188449848025,0.0,0.20608108108108109,0.2434356232842565,0.0,0.0,0.0,1285.0,1.0,0.07782101167315175,0.0,0.18308963763509217,0.26799401762613917
mic__group_enterobacterales__event_m3d__ohe,0.0,0.0,0.0,1392.0,1.0,0.08548850574712644,0.0,0.3281853281853282,0.27970775009085047,0.0,0.0,0.0,1209.0,1.0,0.09760132340777503,0.0,0.23140495867768596,0.2968976508791959
mic__group_enterobacterales__start_m1d_p1d__ohe,0.0,0.0,0.0,1002.0,1.0,0.09880239520958084,0.0,0.5164092664092664,0.2985455299293739,0.0,0.0,0.0,660.0,1.0,0.1409090909090909,0.0,0.5804195804195804,0.3481916312274541
mic__group_enterobacterales__start_m1d_p3d__ohe,0.0,0.0,0.0,1645.0,1.0,0.1264437689969605,0.0,0.20608108108108109,0.33244989016387255,0.0,0.0,0.0,1285.0,1.0,0.16108949416342414,0.0,0.18308963763509217,0.36775660156823575
mic__group_hacek_or_nutrient_variant_streptococci__event_m3d__ohe,0.0,0.0,0.0,1392.0,1.0,0.0007183908045977011,0.0,0.3281853281853282,0.02680281337094487,0.0,0.0,0.0,1209.0,0.0,0.0,0.0,0.23140495867768596,0.0
mic__group_hospital_pathogens__event_m3d__ohe,0.0,0.0,0.0,1392.0,1.0,0.11350574712643678,0.0,0.3281853281853282,0.31732401503905344,0.0,0.0,0.0,1209.0,1.0,0.16790736145574855,0.0,0.23140495867768596,0.37393868094429616
mic__group_hospital_pathogens__start_m1d_p1d__ohe,0.0,0.0,0.0,1002.0,1.0,0.14870259481037923,0.0,0.5164092664092664,0.35597274723843253,0.0,0.0,0.0,660.0,1.0,0.22272727272727272,0.0,0.5804195804195804,0.41639228561795066
mic__group_hospital_pathogens__start_m1d_p3d__ohe,0.0,0.0,0.0,1645.0,1.0,0.15683890577507598,0.0,0.20608108108108109,0.3637594007698454,0.0,0.0,0.0,1285.0,1.0,0.2490272373540856,0.0,0.18308963763509217,0.4326179849574438
mic__group_moraxella_neisseria_non__start_m1d_p1d__ohe,0.0,0.0,0.0,1002.0,0.0,0.0,0.0,0.5164092664092664,0.0,0.0,0.0,0.0,660.0,1.0,0.0015151515151515152,0.0,0.5804195804195804,0.038924947208076155
mic__group_moraxella_neisseria_non__start_m1d_p3d__ohe,0.0,0.0,0.0,1645.0,0.0,0.0,0.0,0.20608108108108109,0.0,0.0,0.0,0.0,1285.0,1.0,0.0007782101167315176,0.0,0.18308963763509217,0.027896417632583537
mic__group_negative__event_m3d__ohe,1.0,1.0,1.0,1392.0,1.0,0.9475574712643678,0.0,0.3281853281853282,0.22299783424476755,1.0,1.0,1.0,1209.0,1.0,0.8668320926385442,0.0,0.23140495867768596,0.33989671068737537
mic__group_negative__start_m1d_p1d__ohe,1.0,1.0,1.0,1002.0,1.0,0.9001996007984032,0.0,0.5164092664092664,0.29988336074179,1.0,1.0,1.0,660.0,1.0,0.7772727272727272,0.0,0.5804195804195804,0.4163922856179506
mic__group_negative__start_m1d_p3d__ohe,1.0,1.0,1.0,1645.0,1.0,0.941033434650456,0.0,0.20608108108108109,0.2356337460200455,1.0,1.0,1.0,1285.0,1.0,0.8295719844357977,0.0,0.18308963763509217,0.3761547791881763
mic__group_non_fermenters__event_m3d__ohe,0.0,0.0,0.0,1392.0,1.0,0.01939655172413793,0.0,0.3281853281853282,0.13796376102246002,0.0,0.0,0.0,1209.0,1.0,0.017369727047146403,0.0,0.23140495867768596,0.13069869465597744
mic__group_non_fermenters__start_m1d_p1d__ohe,0.0,0.0,0.0,1002.0,1.0,0.020958083832335328,0.0,0.5164092664092664,0.14331552916073798,0.0,0.0,0.0,660.0,1.0,0.021212121212121213,0.0,0.5804195804195804,0.14420011335115532
mic__group_non_fermenters__start_m1d_p3d__ohe,0.0,0.0,0.0,1645.0,1.0,0.02188449848024316,0.0,0.20608108108108109,0.14635090578647,0.0,0.0,0.0,1285.0,1.0,0.021011673151750974,0.0,0.18308963763509217,0.14347892923582697
mic__group_other__event_m3d__ohe,0.0,0.0,0.0,1392.0,1.0,0.04669540229885057,0.0,0.3281853281853282,0.21106146928752942,0.0,0.0,0.0,1209.0,1.0,0.09263854425144748,0.0,0.23140495867768596,0.29004521662198857
mic__group_other__start_m1d_p1d__ohe,0.0,0.0,0.0,1002.0,1.0,0.033932135728542916,0.0,0.5164092664092664,0.18114495270732275,0.0,0.0,0.0,660.0,1.0,0.0893939393939394,0.0,0.5804195804195804,0.2855279102296617
mic__group_other__start_m1d_p3d__ohe,0.0,0.0,0.0,1645.0,1.0,0.04559270516717325,0.0,0.20608108108108109,0.20866355402625977,0.0,0.0,0.0,1285.0,1.0,0.11595330739299611,0.0,0.18308963763509217,0.32029357298575956
mic__group_viridans__event_m3d__ohe,0.0,0.0,0.0,1392.0,1.0,0.004310344827586207,0.0,0.3281853281853282,0.0655351137682477,0.0,0.0,0.0,1209.0,1.0,0.004962779156327543,0.0,0.23140495867768596,0.07030105157017598
mic__group_viridans__start_m1d_p1d__ohe,0.0,0.0,0.0,1002.0,1.0,0.006986027944111776,0.0,0.5164092664092664,0.08333158855284398,0.0,0.0,0.0,660.0,1.0,0.010606060606060607,0.0,0.5804195804195804,0.10251583079020692
mic__group_viridans__start_m1d_p3d__ohe,0.0,0.0,0.0,1645.0,1.0,0.00851063829787234,0.0,0.20608108108108109,0.0918876491328231,0.0,0.0,0.0,1285.0,1.0,0.014007782101167316,0.0,0.18308963763509217,0.11756836654332609
mic__is_blood__event_m3d__any,0.0,1.0,1.0,1392.0,1.0,0.6307471264367817,0.0,0.3281853281853282,0.4827759585563069,0.0,0.0,1.0,1209.0,1.0,0.3978494623655914,0.0,0.23140495867768596,0.4896565973005224
mic__is_blood__start_m1d_p1d__any,0.0,1.0,1.0,1002.0,1.0,0.562874251497006,0.0,0.5164092664092664,0.4962787820632295,0.0,0.0,1.0,660.0,1.0,0.353030303030303,0.0,0.5804195804195804,0.4782744962563397
mic__is_blood__start_m1d_p3d__any,0.0,1.0,1.0,1645.0,1.0,0.7003039513677811,0.0,0.20608108108108109,0.4582641053829448,0.0,0.0,1.0,1285.0,1.0,0.49571984435797667,0.0,0.18308963763509217,0.5001763389543932
mic__is_positive__blood__event_m3d__any,0.0,0.0,0.0,1392.0,1.0,0.1400862068965517,0.0,0.3281853281853282,0.34720118459561106,0.0,0.0,0.0,1209.0,1.0,0.1794871794871795,0.0,0.23140495867768596,0.3839185400663667
mic__is_positive__blood__start_m1d_p1d__any,0.0,0.0,0.0,1002.0,1.0,0.15768463073852296,0.0,0.5164092664092664,0.3646270361175177,0.0,0.0,0.0,660.0,1.0,0.20606060606060606,0.0,0.5804195804195804,0.40478128299722865
mic__is_positive__blood__start_m1d_p3d__any,0.0,0.0,0.0,1645.0,1.0,0.2048632218844985,0.0,0.20608108108108109,0.4037243692383007,0.0,0.0,1.0,1285.0,1.0,0.2552529182879377,0.0,0.18308963763509217,0.4361730368440351
mic__is_positive__sputum__event_m3d__any,0.0,0.0,0.0,1392.0,1.0,0.22557471264367815,0.0,0.3281853281853282,0.41811044966178534,0.0,0.0,1.0,1209.0,1.0,0.38461538461538464,0.0,0.23140495867768596,0.48670558140937553
mic__is_positive__sputum__start_m1d_p1d__any,0.0,0.0,0.0,1002.0,1.0,0.24251497005988024,0.0,0.5164092664092664,0.4288181168026264,0.0,0.0,1.0,660.0,1.0,0.3924242424242424,0.0,0.5804195804195804,0.4886606780665901
mic__is_positive__sputum__start_m1d_p3d__any,0.0,0.0,1.0,1645.0,1.0,0.26869300911854105,0.0,0.20608108108108109,0.4434147040166828,0.0,0.0,1.0,1285.0,1.0,0.4708171206225681,0.0,0.18308963763509217,0.4993419673227046
mic__is_positive__tip__event_m3d__any,0.0,0.0,0.0,1392.0,1.0,0.02514367816091954,0.0,0.3281853281853282,0.15661767169069518,0.0,0.0,0.0,1209.0,1.0,0.07113316790736146,0.0,0.23140495867768596,0.25715352753136966
mic__is_positive__tip__start_m1d_p1d__any,0.0,0.0,0.0,1002.0,1.0,0.018962075848303395,0.0,0.5164092664092664,0.13645914941630996,0.0,0.0,0.0,660.0,1.0,0.07424242424242425,0.0,0.5804195804195804,0.2623638347962332
mic__is_positive__tip__start_m1d_p3d__any,0.0,0.0,0.0,1645.0,1.0,0.02857142857142857,0.0,0.20608108108108109,0.16664928654600136,0.0,0.0,0.0,1285.0,1.0,0.07704280155642024,0.0,0.18308963763509217,0.2667631678670482
mic__is_positive__urine__event_m3d__any,0.0,0.0,0.0,1392.0,1.0,0.02658045977011494,0.0,0.3281853281853282,0.16091159029445234,0.0,0.0,0.0,1209.0,1.0,0.02564102564102564,0.0,0.23140495867768596,0.15812730694892868
mic__is_positive__urine__start_m1d_p1d__any,0.0,0.0,0.0,1002.0,1.0,0.031936127744510975,0.0,0.5164092664092664,0.17591786951688648,0.0,0.0,0.0,660.0,1.0,0.045454545454545456,0.0,0.5804195804195804,0.20845687696600781
mic__is_positive__urine__start_m1d_p3d__any,0.0,0.0,0.0,1645.0,1.0,0.044984802431610946,0.0,0.20608108108108109,0.20733379386952083,0.0,0.0,0.0,1285.0,1.0,0.05291828793774319,0.0,0.18308963763509217,0.22395753036048205
mic__is_sputum__event_m3d__any,1.0,1.0,1.0,1392.0,1.0,0.8232758620689655,0.0,0.3281853281853282,0.38157215932800753,1.0,1.0,1.0,1209.0,1.0,0.8626964433416047,0.0,0.23140495867768596,0.344309955840638
mic__is_sputum__start_m1d_p1d__any,1.0,1.0,1.0,1002.0,1.0,0.7704590818363274,0.0,0.5164092664092664,0.42074762062558735,1.0,1.0,1.0,660.0,1.0,0.7954545454545454,0.0,0.5804195804195804,0.4036750064458783
mic__is_sputum__start_m1d_p3d__any,1.0,1.0,1.0,1645.0,1.0,0.8012158054711246,0.0,0.20608108108108109,0.3992066100549843,1.0,1.0,1.0,1285.0,1.0,0.8147859922178988,0.0,0.18308963763509217,0.38862232319310097
mic__is_tip__event_m3d__any,0.0,0.0,0.0,1392.0,1.0,0.05387931034482758,0.0,0.3281853281853282,0.22586052668750164,0.0,0.0,0.0,1209.0,1.0,0.14392059553349876,0.0,0.23140495867768596,0.3511544541129354
mic__is_tip__start_m1d_p1d__any,0.0,0.0,0.0,1002.0,1.0,0.029940119760479042,0.0,0.5164092664092664,0.17050725404950406,0.0,0.0,0.0,660.0,1.0,0.14696969696969697,0.0,0.5804195804195804,0.35434424975617235
mic__is_tip__start_m1d_p3d__any,0.0,0.0,0.0,1645.0,1.0,0.05106382978723404,0.0,0.20608108108108109,0.22019489031060746,0.0,0.0,0.0,1285.0,1.0,0.15019455252918287,0.0,0.18308963763509217,0.35740111082668197
mic__is_urine__event_m3d__any,0.0,0.0,0.0,1392.0,1.0,0.1875,0.0,0.3281853281853282,0.39045264889361087,0.0,0.0,0.0,1209.0,1.0,0.0794044665012407,0.0,0.23140495867768596,0.27048088647244795
mic__is_urine__start_m1d_p1d__any,0.0,0.0,0.0,1002.0,1.0,0.17165668662674652,0.0,0.5164092664092664,0.3772700851949656,0.0,0.0,0.0,660.0,1.0,0.08333333333333333,0.0,0.5804195804195804,0.2765950203103731
mic__is_urine__start_m1d_p3d__any,0.0,0.0,1.0,1645.0,1.0,0.2571428571428571,0.0,0.20608108108108109,0.43719172067372425,0.0,0.0,0.0,1285.0,1.0,0.14163424124513618,0.0,0.18308963763509217,0.3488103592776404
mic__pathgen_high__event_m3d__ohe,0.0,0.0,0.0,1392.0,1.0,0.21839080459770116,0.0,0.3281853281853282,0.41330252339704954,0.0,0.0,1.0,1209.0,1.0,0.3291976840363937,0.0,0.23140495867768596,0.47011633912523465
mic__pathgen_high__start_m1d_p1d__ohe,0.0,0.0,1.0,1002.0,1.0,0.26047904191616766,0.0,0.5164092664092664,0.4391151875214159,0.0,0.0,1.0,660.0,1.0,0.39090909090909093,0.0,0.5804195804195804,0.4883241518778431
mic__pathgen_high__start_m1d_p3d__ohe,0.0,0.0,1.0,1645.0,1.0,0.296048632218845,0.0,0.20608108108108109,0.45665151473084464,0.0,0.0,1.0,1285.0,1.0,0.4529182879377432,0.0,0.18308963763509217,0.4979721779847854
mic__pathgen_low__event_m3d__ohe,0.0,0.0,0.0,1392.0,1.0,0.11781609195402298,0.0,0.3281853281853282,0.3225060935670509,0.0,0.0,0.0,1209.0,1.0,0.17121588089330025,0.0,0.23140495867768596,0.37685338095997756
mic__pathgen_low__start_m1d_p1d__ohe,0.0,0.0,0.0,1002.0,1.0,0.10978043912175649,0.0,0.5164092664092664,0.3127720022176466,0.0,0.0,0.0,660.0,1.0,0.19242424242424241,0.0,0.5804195804195804,0.3945034358128782
mic__pathgen_low__start_m1d_p3d__ohe,0.0,0.0,0.0,1645.0,1.0,0.14042553191489363,0.0,0.20608108108108109,0.34753363026510553,0.0,0.0,0.0,1285.0,1.0,0.21634241245136188,0.0,0.18308963763509217,0.411910684806082
mic__pathgen_medium__event_m3d__ohe,0.0,0.0,0.0,1392.0,1.0,0.06321839080459771,0.0,0.3281853281853282,0.24344280821026396,0.0,0.0,0.0,1209.0,1.0,0.07030603804797353,0.0,0.23140495867768596,0.2557678783344069
mic__pathgen_medium__start_m1d_p1d__ohe,0.0,0.0,0.0,1002.0,1.0,0.0748502994011976,0.0,0.5164092664092664,0.26328104875641145,0.0,0.0,0.0,660.0,1.0,0.09696969696969697,0.0,0.5804195804195804,0.2961409340129917
mic__pathgen_medium__start_m1d_p3d__ohe,0.0,0.0,0.0,1645.0,1.0,0.08753799392097264,0.0,0.20608108108108109,0.28270776318415164,0.0,0.0,0.0,1285.0,1.0,0.10739299610894941,0.0,0.18308963763509217,0.3097327842099682
mic__pathgen_none__event_m3d__ohe,1.0,1.0,1.0,1392.0,1.0,0.9475574712643678,0.0,0.3281853281853282,0.22299783424476755,1.0,1.0,1.0,1209.0,1.0,0.8668320926385442,0.0,0.23140495867768596,0.33989671068737537
mic__pathgen_none__start_m1d_p1d__ohe,1.0,1.0,1.0,1002.0,1.0,0.9001996007984032,0.0,0.5164092664092664,0.29988336074179,1.0,1.0,1.0,660.0,1.0,0.7772727272727272,0.0,0.5804195804195804,0.4163922856179506
mic__pathgen_none__start_m1d_p3d__ohe,1.0,1.0,1.0,1645.0,1.0,0.941033434650456,0.0,0.20608108108108109,0.2356337460200455,1.0,1.0,1.0,1285.0,1.0,0.8295719844357977,0.0,0.18308963763509217,0.3761547791881763
mic__pathgen_other__event_m3d__ohe,0.0,0.0,0.0,1392.0,1.0,0.029454022988505746,0.0,0.3281853281853282,0.1691361420538645,0.0,0.0,0.0,1209.0,1.0,0.12655086848635236,0.0,0.23140495867768596,0.3326067486880533
mic__pathgen_other__start_m1d_p1d__ohe,0.0,0.0,0.0,1002.0,1.0,0.015968063872255488,0.0,0.5164092664092664,0.12541444173558347,0.0,0.0,0.0,660.0,1.0,0.09242424242424242,0.0,0.5804195804195804,0.2898435589029248
mic__pathgen_other__start_m1d_p3d__ohe,0.0,0.0,0.0,1645.0,1.0,0.02370820668693009,0.0,0.20608108108108109,0.15218477839677336,0.0,0.0,0.0,1285.0,1.0,0.15797665369649805,0.0,0.18308963763509217,0.36486110883186046
mic__sdd_positive__event_m3d__any,0.0,0.0,0.0,1392.0,0.0,0.0,0.0,0.3281853281853282,0.0,0.0,0.0,0.0,1209.0,1.0,0.04714640198511166,0.0,0.23140495867768596,0.2120396358964518
mic__sdd_positive__start_m1d_p1d__any,0.0,0.0,0.0,1002.0,0.0,0.0,0.0,0.5164092664092664,0.0,0.0,0.0,0.0,660.0,1.0,0.05606060606060606,0.0,0.5804195804195804,0.2302131939800257
mic__sdd_positive__start_m1d_p3d__any,0.0,0.0,0.0,1645.0,0.0,0.0,0.0,0.20608108108108109,0.0,0.0,0.0,0.0,1285.0,1.0,0.04669260700389105,0.0,0.18308963763509217,0.2110617787262073
outcome__los_hosp__days,15.688541666666667,29.66111111111111,54.371180555555554,2072.0,484.65277777777777,42.14606693747319,1.6472222222222221,0.0,42.634330327592295,20.630555555555556,35.55416666666667,62.34166666666667,1573.0,297.6020833333333,46.970037790492334,1.9388888888888889,0.0,38.43840708418371
outcome__los_icu__days,7.811805555555556,14.48472222222222,29.082638888888887,2072.0,225.08263888888888,23.152517025954527,1.2215277777777778,0.0,28.402800950639886,10.054166666666667,21.024305555555557,38.8625,1573.0,188.95,30.417614077841353,1.332638888888889,0.0,29.943850703314116
outcome_is_primary_series,0.0,0.0,0.0,2072.0,1.0,0.21621621621621623,0.0,0.0,0.4117627867263605,0.0,0.0,0.0,1573.0,1.0,0.2294977749523204,0.0,0.0,0.42064359331484796
outcome_mortality_adm_30d,0.0,0.0,0.0,2072.0,1.0,0.18870656370656372,0.0,0.0,0.39136980008738687,0.0,0.0,0.0,1573.0,1.0,0.14049586776859505,0.0,0.0,0.3476112716784749
outcome_mortality_adm_90d,0.0,0.0,1.0,2072.0,1.0,0.3127413127413127,0.0,0.0,0.46372186367335133,0.0,0.0,0.0,1573.0,1.0,0.23458359821996186,0.0,0.0,0.42387303978072005
outcome_mortality_in_72h,0.0,0.0,0.0,2072.0,1.0,0.008204633204633204,0.0,0.0,0.09022885553729411,0.0,0.0,0.0,1573.0,1.0,0.003814367450731087,0.0,0.0,0.061662267544566246
outcome_next_atc__g2__a0__ohe,0.0,0.0,0.0,2072.0,1.0,0.0014478764478764478,0.0,0.0,0.03803259403343158,0.0,0.0,0.0,1573.0,1.0,0.003178639542275906,0.0,0.0,0.05630764957753929
outcome_next_atc__g2__c0__ohe,0.0,0.0,0.0,2072.0,1.0,0.02171814671814672,0.0,0.0,0.14579687191369423,0.0,0.0,0.0,1573.0,1.0,0.006357279084551812,0.0,0.0,0.07950397756446875
outcome_next_atc__g2__c1__ohe,0.0,0.0,0.0,2072.0,1.0,0.0444015444015444,0.0,0.0,0.20603527602385927,0.0,0.0,0.0,1573.0,1.0,0.06357279084551812,0.0,0.0,0.24406794317912722
outcome_next_atc__g2__d0__ohe,0.0,0.0,0.0,2072.0,1.0,0.1192084942084942,0.0,0.0,0.3241119069297915,0.0,0.0,0.0,1573.0,1.0,0.031150667514303877,0.0,0.0,0.17378003940044376
outcome_next_atc__g2__d1__ohe,0.0,0.0,0.0,2072.0,1.0,0.019787644787644786,0.0,0.0,0.13930347975067014,0.0,0.0,0.0,1573.0,1.0,0.01080737444373808,0.0,0.0,0.1034281186218932
outcome_next_atc__g2__e0__ohe,0.0,0.0,0.0,2072.0,1.0,0.005308880308880309,0.0,0.0,0.0726859403726887,0.0,0.0,0.0,1573.0,1.0,0.013986013986013986,0.0,0.0,0.11746990219335049
outcome_next_atc__g2__f0__ohe,0.0,0.0,0.0,2072.0,1.0,0.0033783783783783786,0.0,0.0,0.058039561556114075,0.0,0.0,0.0,1573.0,1.0,0.0050858232676414495,0.0,0.0,0.0711560009550874
outcome_next_atc__g2__g0__ohe,0.0,0.0,0.0,2072.0,1.0,0.0009652509652509653,0.0,0.0,0.03106098655220223,0.0,0.0,0.0,1573.0,0.0,0.0,0.0,0.0,0.0
outcome_next_atc__g2__m0__ohe,0.0,0.0,0.0,2072.0,1.0,0.017374517374517374,0.0,0.0,0.13069386822626625,0.0,0.0,0.0,1573.0,1.0,0.02097902097902098,0.0,0.0,0.14335957281204703
outcome_next_atc__g2__x0__ohe,0.0,0.0,0.0,2072.0,1.0,0.04681467181467181,0.0,0.0,0.21129269968828293,0.0,0.0,0.0,1573.0,1.0,0.028607755880483154,0.0,0.0,0.16675439990872046
outcome_next_atc__g2__x1__ohe,0.0,0.0,0.0,2072.0,1.0,0.012065637065637066,0.0,0.0,0.10920537152161458,0.0,0.0,0.0,1573.0,1.0,0.003814367450731087,0.0,0.0,0.06166226754456625
outcome_next_atc__groups__j01a__ohe,0.0,0.0,0.0,2072.0,1.0,0.0014478764478764478,0.0,0.0,0.03803259403343158,0.0,0.0,0.0,1573.0,1.0,0.003178639542275906,0.0,0.0,0.05630764957753929
outcome_next_atc__groups__j01c__ohe,0.0,0.0,0.0,2072.0,1.0,0.06563706563706563,0.0,0.0,0.24770638749392732,0.0,0.0,0.0,1573.0,1.0,0.06993006993006994,0.0,0.0,0.25511022951533446
outcome_next_atc__groups__j01d__ohe,0.0,0.0,0.0,2072.0,1.0,0.13803088803088803,0.0,0.0,0.34501566876935047,0.0,0.0,0.0,1573.0,1.0,0.04195804195804196,0.0,0.0,0.20055706330863285
outcome_next_atc__groups__j01e__ohe,0.0,0.0,0.0,2072.0,1.0,0.005308880308880309,0.0,0.0,0.0726859403726887,0.0,0.0,0.0,1573.0,1.0,0.013986013986013986,0.0,0.0,0.11746990219335049
outcome_next_atc__groups__j01f__ohe,0.0,0.0,0.0,2072.0,1.0,0.0033783783783783786,0.0,0.0,0.058039561556114075,0.0,0.0,0.0,1573.0,1.0,0.0050858232676414495,0.0,0.0,0.0711560009550874
outcome_next_atc__groups__j01g__ohe,0.0,0.0,0.0,2072.0,1.0,0.0009652509652509653,0.0,0.0,0.03106098655220223,0.0,0.0,0.0,1573.0,0.0,0.0,0.0,0.0,0.0
outcome_next_atc__groups__j01m__ohe,0.0,0.0,0.0,2072.0,1.0,0.017374517374517374,0.0,0.0,0.13069386822626625,0.0,0.0,0.0,1573.0,1.0,0.02097902097902098,0.0,0.0,0.14335957281204703
outcome_next_atc__groups__j01x__ohe,0.0,0.0,0.0,2072.0,1.0,0.012065637065637066,0.0,0.0,0.10920537152161458,0.0,0.0,0.0,1573.0,1.0,0.003814367450731087,0.0,0.0,0.06166226754456625
outcome_next_atc__groups__j01z__ohe,0.0,0.0,0.0,2072.0,1.0,0.04681467181467181,0.0,0.0,0.21129269968828293,0.0,0.0,0.0,1573.0,1.0,0.028607755880483154,0.0,0.0,0.16675439990872046
outcome_next_atc__groups__none__ohe,1.0,1.0,1.0,2072.0,1.0,0.7760617760617761,0.0,0.0,0.41698178824730453,1.0,1.0,1.0,1573.0,1.0,0.8448823903369358,0.0,0.0,0.36213189017161956
outcome_on_icu_restart,0.0,0.0,1.0,2072.0,1.0,0.4174710424710425,0.0,0.0,0.4932609826820677,0.0,0.0,1.0,1573.0,1.0,0.3877940241576605,0.0,0.0,0.4874021368881624
outcome_readmission_in_72h,0.0,0.0,0.0,2072.0,1.0,0.060328185328185326,0.0,0.0,0.23815135524049819,0.0,0.0,0.0,1573.0,1.0,0.050222504767959315,0.0,0.0,0.21847322129842586
outcome_restart_in_72h,0.0,0.0,1.0,2072.0,1.0,0.30694980694980695,0.0,0.0,0.4613397254089726,0.0,0.0,0.0,1573.0,1.0,0.20406865861411316,0.0,0.0,0.40314757192453093
outcome_restart_in_72h_on_icu,0.0,0.0,0.0,2072.0,1.0,0.22393822393822393,0.0,0.0,0.41698178824730453,0.0,0.0,0.0,1573.0,1.0,0.1551176096630642,0.0,0.0,0.36213189017161956
outcome_restart_same_antibiotic,0.0,0.0,0.0,2072.0,1.0,0.1278957528957529,0.0,0.0,0.3340543167931581,0.0,0.0,0.0,1573.0,1.0,0.09218054672600128,0.0,0.0,0.28937264414346653
outcome_restart_same_antibiotic_g2,0.0,0.0,0.0,2072.0,1.0,0.15154440154440155,0.0,0.0,0.35866527741624826,0.0,0.0,0.0,1573.0,1.0,0.0979020979020979,0.0,0.0,0.29727673740551286
outcome_restart_same_antibiotic_group,0.0,0.0,0.0,2072.0,1.0,0.15926640926640925,0.0,0.0,0.3660126708208242,0.0,0.0,0.0,1573.0,1.0,0.101716465352829,0.0,0.0,0.30237121156355024
outcome_safely_stopped,0.0,1.0,1.0,2072.0,1.0,0.7268339768339769,0.0,0.0,0.44569296241853684,1.0,1.0,1.0,1573.0,1.0,0.8016528925619835,0.0,0.0,0.39888178821111964
outcome_timedelta_mortality,8.625694444444445,24.136111111111113,138.66666666666666,925.0,2238.241666666667,195.37376376376378,1.3569444444444445,0.5535714285714286,394.27674836648424,11.486631944444444,30.6875,148.409375,592.0,2247.4972222222223,173.14762926989488,2.3506944444444446,0.6236490781945327,335.4195962874356
outcome_timedelta_previous_series_stop,1.9180555555555556,3.5006944444444446,8.345138888888888,849.0,1863.0618055555556,29.820099627012173,1.1027777777777779,0.5902509652509652,137.56750358956117,2.186111111111111,4.888888888888889,10.522916666666667,593.0,861.2243055555556,22.843653972269063,1.1006944444444444,0.6230133502860775,93.83457189958536
outcome_timedelta_readmission,-8.71111111111111,16.04375,119.71875,389.0,1508.4243055555555,142.45156919451586,-81.73680555555555,0.8122586872586872,303.3876057647425,-14.03125,23.4625,87.02152777777778,221.0,1595.6986111111112,76.00998617395675,-257.0451388888889,0.859504132231405,215.44024421485864
outcome_timedelta_restart,1.9375,3.7777777777777777,8.551388888888889,1405.0,1508.1743055555555,17.037022538552787,0.17430555555555555,0.3219111969111969,88.1673615882838,2.2916666666666665,5.514583333333333,12.210416666666667,913.0,1054.2125,18.280582177193622,1.1006944444444444,0.4195804195804196,76.44483771460273
outcome_timedelta_restart__days,1.9375,3.7777777777777777,8.551388888888889,1405.0,1508.1743055555555,17.037022538552787,0.17430555555555555,0.3219111969111969,88.1673615882838,2.2916666666666665,5.514583333333333,12.210416666666667,913.0,1054.2125,18.280582177193622,1.1006944444444444,0.4195804195804196,76.44483771460273
ph__arterial__event_m1d__max,7.429999828338623,7.480000019073486,7.510000228881836,1982.0,7.690000057220459,7.469061545959996,6.949999809265137,0.04343629343629344,0.06482867391270808,7.409999847412109,7.460000038146973,7.489999771118164,1465.0,7.635000228881836,7.446512602783307,7.130000114440918,0.06865861411315957,0.06159606641251035
ph__arterial__event_m1d__min,7.349999904632568,7.420000076293945,7.46999979019165,1982.0,7.579999923706055,7.395872836156281,6.679999828338623,0.04343629343629344,0.10036086351747708,7.320000171661377,7.389999866485596,7.440000057220459,1465.0,7.559999942779541,7.368527631792192,6.869999885559082,0.06865861411315957,0.09243259958074712
resp_rate__event_m1d__last,17.0,22.0,27.0,1488.0,78.0,22.800403225806452,0.0,0.28185328185328185,7.969668447945913,18.899999618530273,23.5,28.0,1105.0,61.900001525878906,23.673031688707447,0.0,0.2975206611570248,6.825908143786903
resp_rate__event_m1d__trend,-0.21548490555397568,-0.007593998888683085,0.17670779849718538,1425.0,54.0,0.08349234426221327,-16.0,0.3122586872586873,2.23758108722933,-0.13907255519042694,0.005898487621990452,0.1567900184399755,1075.0,8.297424048640877,0.026882040616372716,-16.799995420407505,0.3165924984106802,1.0048124683670232
resp_rate__start_p1d__last,17.0,22.0,28.0,1503.0,72.0,22.785562208154087,0.0,0.2746138996138996,8.433247589690112,19.0,23.299999237060547,28.0,1107.0,61.900001525878906,23.482746158511983,0.0,0.29624920534011445,6.76458712268246
sedation__event_m3d__any,0.0,0.0,1.0,2072.0,1.0,0.34314671814671815,0.0,0.0,0.4748745969805121,0.0,0.0,1.0,1573.0,1.0,0.38397965670692946,0.0,0.0,0.4865077082863328
sedation__event_m3d_m1d__any_increase_above_50p,0.0,0.0,0.0,2072.0,1.0,0.12355212355212356,0.0,0.0,0.32914933330773627,0.0,0.0,0.0,1573.0,1.0,0.12205975842339478,0.0,0.0,0.32745891724403964
sedation__start_p1d__any,0.0,0.0,0.0,2072.0,1.0,0.22345559845559845,0.0,0.0,0.41666171065686197,0.0,0.0,0.0,1573.0,1.0,0.21169739351557534,0.0,0.0,0.4086413658422576
start_on_icu,1.0,1.0,1.0,2072.0,1.0,0.7895752895752896,0.0,0.0,0.4077086910438537,0.0,1.0,1.0,1573.0,1.0,0.7260012714558169,0.0,0.0,0.44615016185080775
temperature__event_m1d__max,37.099998474121094,37.599998474121094,38.20000076293945,1308.0,42.70000076293945,37.68837920314311,31.799999237060547,0.3687258687258687,0.94214565213512,36.900001525878906,37.400001525878906,37.900001525878906,1549.0,40.400001525878906,37.42227242545515,34.70000076293945,0.015257469802924348,0.8290516183957164
temperature__event_m1d__trend,-0.028508249405414122,-3.333658338070263e-05,0.026612835545693672,1217.0,7.400001525878906,0.008263852418046865,-2.0,0.4126447876447876,0.25909708157101646,-0.02338454625051755,0.0012490006288176027,0.024212567242019575,1468.0,1.5966493173972849,0.002841310413214399,-0.7058850456879936,0.06675143038779402,0.0781824988571928
temperature__start_p1d__max,37.20000076293945,37.79999923706055,38.5,1275.0,42.79999923706055,37.86352943719602,25.399999618530273,0.38465250965250963,1.1410611060281894,37.0,37.599998474121094,38.29999923706055,1410.0,41.099998474121094,37.65368796003626,33.20000076293945,0.10362364907819453,1.0342693410260924
trombocytes__event_m3d__last,137.0,235.0,346.5,2007.0,1000.0,258.69556552067763,10.0,0.03137065637065637,163.7740232856148,168.0,268.0,385.0,1549.0,972.0,287.4977404777276,1.0,0.015257469802924348,169.84947212059794
trombocytes__event_m3d__trend,-0.6853130790751769,0.14451805785968155,1.0335442529211,1845.0,420.77922089627623,0.3241619076905781,-299.1358291435018,0.10955598455598456,12.633317531721923,-0.5878787461156222,0.21871175621930028,1.0705077326446917,1495.0,405.0704225473452,-0.06271542620810187,-450.0000001047738,0.049586776859504134,16.194582965826235
