adm_hosp_loc__vumc__ohe,0,0,0,0,0,0,0,0,0,0,0,0,0,0,0,0,0,0,1,1,1,1,1,1,1,1,1,1,1,1,1,1,1,1,1,1
outcome_restart_in_72h_on_icu,0,0,0,0,0,0,0,0,0,1,1,1,1,1,1,1,1,1,0,0,0,0,0,0,0,0,0,1,1,1,1,1,1,1,1,1
agg,25%,50%,75%,count,max,mean,min,missing,std,25%,50%,75%,count,max,mean,min,missing,std,25%,50%,75%,count,max,mean,min,missing,std,25%,50%,75%,count,max,mean,min,missing,std
feature,,,,,,,,,,,,,,,,,,,,,,,,,,,,,,,,,,,,
ab_duration_full__days,1.020138888888889,2.6923611111111114,6.3519097222222225,1608.0,164.37083333333334,5.172576354339414,0.0,0.0,7.999902169918854,0.8086805555555555,1.926736111111111,4.708159722222222,464.0,579.0763888888889,5.299028675766283,0.0,0.0,27.365366578044497,2.5756944444444443,4.122222222222222,6.956944444444445,1329.0,67.43055555555556,6.355515320625366,0.0,0.0,7.739989582931342,1.6203125,3.9975694444444443,6.705034722222222,244.0,89.07638888888889,5.376699112021859,0.0,0.0,7.606937264248966
ab_duration_shortest_in_last_24h,0.8578125,1.7413194444444444,3.6793402777777775,1608.0,79.20138888888889,3.018401482172471,0.0,0.0,4.318028280649635,0.5671875,1.0750000000000002,2.5770833333333334,464.0,30.88125,2.139716534961686,0.0,0.0,3.043413172053221,1.8409722222222222,3.5729166666666665,5.2125,1329.0,65.62777777777778,4.413602019061951,0.0,0.0,4.8046497083364805,1.0118055555555556,2.2708333333333335,4.6487847222222225,244.0,20.62986111111111,3.1785348360655736,0.0,0.0,3.0137896038677643
adm_hosp_age,51.0,61.0,70.0,1608.0,94.0,58.82151741293532,18.0,0.0,14.657758744467793,51.0,61.0,69.0,464.0,88.0,58.752155172413794,18.0,0.0,13.996181046918325,54.0,65.0,72.0,1329.0,93.0,61.495109104589915,18.0,0.0,15.632166265283477,53.75,65.0,72.25,244.0,92.0,61.032786885245905,18.0,0.0,16.14412169962608
adm_hosp_loc__amc__ohe,1.0,1.0,1.0,1608.0,1.0,1.0,1.0,0.0,0.0,1.0,1.0,1.0,464.0,1.0,1.0,1.0,0.0,0.0,0.0,0.0,0.0,1329.0,0.0,0.0,0.0,0.0,0.0,0.0,0.0,0.0,244.0,0.0,0.0,0.0,0.0,0.0
adm_hosp_loc__vumc__ohe,0.0,0.0,0.0,1608.0,0.0,0.0,0.0,0.0,0.0,0.0,0.0,0.0,464.0,0.0,0.0,0.0,0.0,0.0,1.0,1.0,1.0,1329.0,1.0,1.0,1.0,0.0,0.0,1.0,1.0,1.0,244.0,1.0,1.0,1.0,0.0,0.0
adm_hosp_oper__medical__ohe,0.0,0.0,1.0,1608.0,1.0,0.42661691542288555,0.0,0.0,0.4947394680732316,0.0,0.0,1.0,464.0,1.0,0.4849137931034483,0.0,0.0,0.5003117743987203,0.0,1.0,1.0,1329.0,1.0,0.5011286681715575,0.0,0.0,0.5001869432131859,0.0,0.0,1.0,244.0,1.0,0.44672131147540983,0.0,0.0,0.4981751763940347
adm_hosp_oper__surgical__ohe,0.0,1.0,1.0,1608.0,1.0,0.5733830845771144,0.0,0.0,0.4947394680732316,0.0,1.0,1.0,464.0,1.0,0.5150862068965517,0.0,0.0,0.5003117743987203,0.0,0.0,1.0,1329.0,1.0,0.49887133182844245,0.0,0.0,0.5001869432131859,0.0,1.0,1.0,244.0,1.0,0.5532786885245902,0.0,0.0,0.4981751763940347
adm_hosp_route__elective__ohe,0.0,0.0,1.0,1608.0,1.0,0.26865671641791045,0.0,0.0,0.4433988615334102,0.0,0.0,0.0,464.0,1.0,0.23922413793103448,0.0,0.0,0.42707028644860057,0.0,0.0,0.0,1329.0,1.0,0.2400300978179082,0.0,0.0,0.42726222760926574,0.0,0.0,1.0,244.0,1.0,0.29508196721311475,0.0,0.0,0.4570170700392112
adm_hosp_route__unknown__ohe,0.0,0.0,0.0,1608.0,1.0,0.0012437810945273632,0.0,0.0,0.03525630606704011,0.0,0.0,0.0,464.0,1.0,0.0021551724137931034,0.0,0.0,0.04642383454426297,0.0,0.0,0.0,1329.0,0.0,0.0,0.0,0.0,0.0,0.0,0.0,0.0,244.0,0.0,0.0,0.0,0.0,0.0
adm_hosp_route__unplanned__ohe,0.0,1.0,1.0,1608.0,1.0,0.7300995024875622,0.0,0.0,0.4440459901505281,1.0,1.0,1.0,464.0,1.0,0.7586206896551724,0.0,0.0,0.42838164803650186,1.0,1.0,1.0,1329.0,1.0,0.7599699021820918,0.0,0.0,0.4272622276092657,0.0,1.0,1.0,244.0,1.0,0.7049180327868853,0.0,0.0,0.4570170700392112
adm_hosp_specialism__8400__ohe,0.0,0.0,0.0,1608.0,1.0,0.03669154228855721,0.0,0.0,0.18806187168704958,0.0,0.0,0.0,464.0,1.0,0.04525862068965517,0.0,0.0,0.2080951817730124,0.0,0.0,0.0,1329.0,1.0,0.01655379984951091,0.0,0.0,0.12764023826434903,0.0,0.0,0.0,244.0,1.0,0.028688524590163935,0.0,0.0,0.16727272927261047
adm_hosp_specialism__car__ohe,0.0,0.0,0.0,1608.0,1.0,0.09017412935323384,0.0,0.0,0.28652017226104,0.0,0.0,0.0,464.0,1.0,0.14224137931034483,0.0,0.0,0.349674544659091,0.0,0.0,0.0,1329.0,1.0,0.06621519939804364,0.0,0.0,0.2487514945964849,0.0,0.0,0.0,244.0,1.0,0.05737704918032787,0.0,0.0,0.23303968569527445
adm_hosp_specialism__chi__ohe,0.0,0.0,0.0,1608.0,1.0,0.22574626865671643,0.0,0.0,0.4182028880285888,0.0,0.0,0.0,464.0,1.0,0.17672413793103448,0.0,0.0,0.3818467704893738,0.0,0.0,1.0,1329.0,1.0,0.3039879608728367,0.0,0.0,0.46015062997304357,0.0,0.0,1.0,244.0,1.0,0.29508196721311475,0.0,0.0,0.4570170700392112
adm_hosp_specialism__ctc__ohe,0.0,0.0,0.0,1608.0,1.0,0.0708955223880597,0.0,0.0,0.25673008454114027,0.0,0.0,0.0,464.0,1.0,0.05387931034482758,0.0,0.0,0.22602307476661126,0.0,0.0,0.0,1329.0,1.0,0.04138449962377728,0.0,0.0,0.19925284483595226,0.0,0.0,0.0,244.0,1.0,0.020491803278688523,0.0,0.0,0.14196650888315676
adm_hosp_specialism__int__ohe,0.0,0.0,0.0,1608.0,1.0,0.166044776119403,0.0,0.0,0.3722365882679672,0.0,0.0,0.0,464.0,1.0,0.19181034482758622,0.0,0.0,0.39414965558054893,0.0,0.0,0.0,1329.0,1.0,0.21218961625282168,0.0,0.0,0.4090122985976642,0.0,0.0,0.0,244.0,1.0,0.2459016393442623,0.0,0.0,0.43150565012272596
adm_hosp_specialism__kin__ohe,0.0,0.0,0.0,1608.0,0.0,0.0,0.0,0.0,0.0,0.0,0.0,0.0,464.0,0.0,0.0,0.0,0.0,0.0,0.0,0.0,0.0,1329.0,1.0,0.002257336343115124,0.0,0.0,0.04747564365217965,0.0,0.0,0.0,244.0,1.0,0.004098360655737705,0.0,0.0,0.06401843996644799
adm_hosp_specialism__kno__ohe,0.0,0.0,0.0,1608.0,1.0,0.0006218905472636816,0.0,0.0,0.02493773340269082,0.0,0.0,0.0,464.0,1.0,0.0021551724137931034,0.0,0.0,0.04642383454426297,0.0,0.0,0.0,1329.0,1.0,0.013544018058690745,0.0,0.0,0.1156314762919053,0.0,0.0,0.0,244.0,1.0,0.012295081967213115,0.0,0.0,0.11042593842457477
adm_hosp_specialism__lon__ohe,0.0,0.0,0.0,1608.0,1.0,0.09577114427860696,0.0,0.0,0.29436868181675335,0.0,0.0,0.0,464.0,1.0,0.11206896551724138,0.0,0.0,0.315791760244368,0.0,0.0,0.0,1329.0,1.0,0.20692249811888638,0.0,0.0,0.40525196035115424,0.0,0.0,0.0,244.0,1.0,0.21721311475409835,0.0,0.0,0.41319643749551216
adm_hosp_specialism__mdl__ohe,0.0,0.0,0.0,1608.0,1.0,0.024253731343283583,0.0,0.0,0.15388376899686168,0.0,0.0,0.0,464.0,1.0,0.02586206896551724,0.0,0.0,0.15889504511338567,0.0,0.0,0.0,1329.0,1.0,0.01730624529721595,0.0,0.0,0.13045897995318192,0.0,0.0,0.0,244.0,1.0,0.020491803278688523,0.0,0.0,0.14196650888315676
adm_hosp_specialism__mka__ohe,0.0,0.0,0.0,1608.0,1.0,0.0037313432835820895,0.0,0.0,0.06098961901884443,0.0,0.0,0.0,464.0,0.0,0.0,0.0,0.0,0.0,0.0,0.0,0.0,1329.0,1.0,0.0007524454477050414,0.0,0.0,0.02743073910242014,0.0,0.0,0.0,244.0,0.0,0.0,0.0,0.0,0.0
adm_hosp_specialism__nch__ohe,0.0,0.0,0.0,1608.0,1.0,0.07027363184079602,0.0,0.0,0.25568712358298745,0.0,0.0,0.0,464.0,1.0,0.03017241379310345,0.0,0.0,0.17124613919058596,0.0,0.0,0.0,1329.0,1.0,0.01655379984951091,0.0,0.0,0.12764023826434903,0.0,0.0,0.0,244.0,1.0,0.012295081967213115,0.0,0.0,0.11042593842457477
adm_hosp_specialism__neu__ohe,0.0,0.0,0.0,1608.0,1.0,0.12313432835820895,0.0,0.0,0.328693556756614,0.0,0.0,0.0,464.0,1.0,0.11853448275862069,0.0,0.0,0.32358882346295936,0.0,0.0,0.0,1329.0,1.0,0.05342362678705794,0.0,0.0,0.22496137971447747,0.0,0.0,0.0,244.0,1.0,0.045081967213114756,0.0,0.0,0.20791041875028948
adm_hosp_specialism__oog__ohe,0.0,0.0,0.0,1608.0,1.0,0.0006218905472636816,0.0,0.0,0.02493773340269082,0.0,0.0,0.0,464.0,0.0,0.0,0.0,0.0,0.0,0.0,0.0,0.0,1329.0,0.0,0.0,0.0,0.0,0.0,0.0,0.0,0.0,244.0,0.0,0.0,0.0,0.0,0.0
adm_hosp_specialism__ort__ohe,0.0,0.0,0.0,1608.0,1.0,0.0012437810945273632,0.0,0.0,0.03525630606704012,0.0,0.0,0.0,464.0,1.0,0.0021551724137931034,0.0,0.0,0.04642383454426297,0.0,0.0,0.0,1329.0,1.0,0.0015048908954100827,0.0,0.0,0.03877831474464335,0.0,0.0,0.0,244.0,1.0,0.012295081967213115,0.0,0.0,0.11042593842457477
adm_hosp_specialism__pch__ohe,0.0,0.0,0.0,1608.0,1.0,0.0006218905472636816,0.0,0.0,0.02493773340269082,0.0,0.0,0.0,464.0,0.0,0.0,0.0,0.0,0.0,0.0,0.0,0.0,1329.0,0.0,0.0,0.0,0.0,0.0,0.0,0.0,0.0,244.0,0.0,0.0,0.0,0.0,0.0
adm_hosp_specialism__psy__ohe,0.0,0.0,0.0,1608.0,0.0,0.0,0.0,0.0,0.0,0.0,0.0,0.0,464.0,0.0,0.0,0.0,0.0,0.0,0.0,0.0,0.0,1329.0,1.0,0.0007524454477050414,0.0,0.0,0.027430739102420144,0.0,0.0,0.0,244.0,0.0,0.0,0.0,0.0,0.0
adm_hosp_specialism__rad__ohe,0.0,0.0,0.0,1608.0,0.0,0.0,0.0,0.0,0.0,0.0,0.0,0.0,464.0,0.0,0.0,0.0,0.0,0.0,0.0,0.0,0.0,1329.0,1.0,0.0015048908954100827,0.0,0.0,0.03877831474464335,0.0,0.0,0.0,244.0,0.0,0.0,0.0,0.0,0.0
adm_hosp_specialism__reu__ohe,0.0,0.0,0.0,1608.0,1.0,0.003109452736318408,0.0,0.0,0.055693024392403694,0.0,0.0,0.0,464.0,1.0,0.01293103448275862,0.0,0.0,0.11309902953546905,0.0,0.0,0.0,1329.0,1.0,0.0015048908954100827,0.0,0.0,0.03877831474464335,0.0,0.0,0.0,244.0,0.0,0.0,0.0,0.0,0.0
adm_hosp_specialism__rth__ohe,0.0,0.0,0.0,1608.0,1.0,0.0006218905472636816,0.0,0.0,0.024937733402690822,0.0,0.0,0.0,464.0,0.0,0.0,0.0,0.0,0.0,0.0,0.0,0.0,1329.0,0.0,0.0,0.0,0.0,0.0,0.0,0.0,0.0,244.0,0.0,0.0,0.0,0.0,0.0
adm_hosp_specialism__seh__ohe,0.0,0.0,0.0,1608.0,1.0,0.07276119402985075,0.0,0.0,0.25982491388119644,0.0,0.0,0.0,464.0,1.0,0.07327586206896551,0.0,0.0,0.26087003744305387,0.0,0.0,0.0,1329.0,1.0,0.03837471783295711,0.0,0.0,0.1921715030623593,0.0,0.0,0.0,244.0,1.0,0.020491803278688523,0.0,0.0,0.1419665088831568
adm_hosp_specialism__uro__ohe,0.0,0.0,0.0,1608.0,1.0,0.003109452736318408,0.0,0.0,0.05569302439240369,0.0,0.0,0.0,464.0,1.0,0.0021551724137931034,0.0,0.0,0.046423834544262986,0.0,0.0,0.0,1329.0,1.0,0.004514672686230248,0.0,0.0,0.06706470511079846,0.0,0.0,0.0,244.0,1.0,0.00819672131147541,0.0,0.0,0.09034926645000338
adm_hosp_specialism__vro__ohe,0.0,0.0,0.0,1608.0,1.0,0.010572139303482588,0.0,0.0,0.10230776327719869,0.0,0.0,0.0,464.0,1.0,0.010775862068965518,0.0,0.0,0.10335746740497127,0.0,0.0,0.0,1329.0,1.0,0.0007524454477050414,0.0,0.0,0.027430739102420144,0.0,0.0,0.0,244.0,0.0,0.0,0.0,0.0,0.0
adm_hosp_subspecialism__card__ohe,0.0,0.0,0.0,1608.0,1.0,0.09017412935323384,0.0,0.0,0.28652017226104,0.0,0.0,0.0,464.0,1.0,0.14224137931034483,0.0,0.0,0.349674544659091,0.0,0.0,0.0,1329.0,1.0,0.06621519939804364,0.0,0.0,0.2487514945964849,0.0,0.0,0.0,244.0,1.0,0.05737704918032787,0.0,0.0,0.23303968569527445
adm_hosp_subspecialism__chge__ohe,0.0,0.0,0.0,1608.0,1.0,0.016791044776119403,0.0,0.0,0.12852773567207645,0.0,0.0,0.0,464.0,1.0,0.017241379310344827,0.0,0.0,0.1303100552861388,0.0,0.0,0.0,1329.0,1.0,0.029345372460496615,0.0,0.0,0.16883622400918946,0.0,0.0,0.0,244.0,1.0,0.01639344262295082,0.0,0.0,0.12724407429197074
adm_hosp_subspecialism__chir__ohe,0.0,0.0,0.0,1608.0,1.0,0.09639303482587065,0.0,0.0,0.29522130498742033,0.0,0.0,0.0,464.0,1.0,0.07758620689655173,0.0,0.0,0.267808063468999,0.0,0.0,0.0,1329.0,1.0,0.03762227238525207,0.0,0.0,0.19035257074784756,0.0,0.0,0.0,244.0,1.0,0.020491803278688523,0.0,0.0,0.14196650888315676
adm_hosp_subspecialism__chlo__ohe,0.0,0.0,0.0,1608.0,0.0,0.0,0.0,0.0,0.0,0.0,0.0,0.0,464.0,0.0,0.0,0.0,0.0,0.0,0.0,0.0,0.0,1329.0,1.0,0.012791572610985704,0.0,0.0,0.11241644576450203,0.0,0.0,0.0,244.0,1.0,0.01639344262295082,0.0,0.0,0.12724407429197074
adm_hosp_subspecialism__conc__ohe,0.0,0.0,0.0,1608.0,0.0,0.0,0.0,0.0,0.0,0.0,0.0,0.0,464.0,0.0,0.0,0.0,0.0,0.0,0.0,0.0,0.0,1329.0,1.0,0.024830699774266364,0.0,0.0,0.15566749711877495,0.0,0.0,0.0,244.0,1.0,0.020491803278688523,0.0,0.0,0.1419665088831568
adm_hosp_subspecialism__ctch__ohe,0.0,0.0,0.0,1608.0,1.0,0.06840796019900497,0.0,0.0,0.2525232026504835,0.0,0.0,0.0,464.0,1.0,0.05387931034482758,0.0,0.0,0.22602307476661126,0.0,0.0,0.0,1329.0,1.0,0.0398796087283672,0.0,0.0,0.19574998795449294,0.0,0.0,0.0,244.0,1.0,0.020491803278688523,0.0,0.0,0.14196650888315676
adm_hosp_subspecialism__ctck__ohe,0.0,0.0,0.0,1608.0,1.0,0.0006218905472636816,0.0,0.0,0.024937733402690822,0.0,0.0,0.0,464.0,0.0,0.0,0.0,0.0,0.0,0.0,0.0,0.0,1329.0,0.0,0.0,0.0,0.0,0.0,0.0,0.0,0.0,244.0,0.0,0.0,0.0,0.0,0.0
adm_hosp_subspecialism__ctcv__ohe,0.0,0.0,0.0,1608.0,1.0,0.0018656716417910447,0.0,0.0,0.043166534615224614,0.0,0.0,0.0,464.0,0.0,0.0,0.0,0.0,0.0,0.0,0.0,0.0,1329.0,1.0,0.0015048908954100827,0.0,0.0,0.03877831474464335,0.0,0.0,0.0,244.0,0.0,0.0,0.0,0.0,0.0
adm_hosp_subspecialism__ctra__ohe,0.0,0.0,0.0,1608.0,1.0,0.0914179104477612,0.0,0.0,0.28829214850558854,0.0,0.0,0.0,464.0,1.0,0.0603448275862069,0.0,0.0,0.23838162421563688,0.0,0.0,0.0,1329.0,1.0,0.16027088036117382,0.0,0.0,0.36699518898379513,0.0,0.0,0.0,244.0,1.0,0.15163934426229508,0.0,0.0,0.35940820277706037
adm_hosp_subspecialism__cvat__ohe,0.0,0.0,0.0,1608.0,1.0,0.021144278606965175,0.0,0.0,0.1439099631386955,0.0,0.0,0.0,464.0,1.0,0.021551724137931036,0.0,0.0,0.14537122182622625,0.0,0.0,0.0,1329.0,1.0,0.03912716328066215,0.0,0.0,0.19397045854253936,0.0,0.0,0.0,244.0,1.0,0.06967213114754098,0.0,0.0,0.2551169647871119
adm_hosp_subspecialism__ic__ohe,0.0,0.0,0.0,1608.0,1.0,0.03669154228855721,0.0,0.0,0.18806187168704958,0.0,0.0,0.0,464.0,1.0,0.04525862068965517,0.0,0.0,0.2080951817730124,0.0,0.0,0.0,1329.0,1.0,0.01655379984951091,0.0,0.0,0.12764023826434903,0.0,0.0,0.0,244.0,1.0,0.028688524590163935,0.0,0.0,0.16727272927261047
adm_hosp_subspecialism__iend__ohe,0.0,0.0,0.0,1608.0,1.0,0.0006218905472636816,0.0,0.0,0.024937733402690815,0.0,0.0,0.0,464.0,0.0,0.0,0.0,0.0,0.0,0.0,0.0,0.0,1329.0,0.0,0.0,0.0,0.0,0.0,0.0,0.0,0.0,244.0,0.0,0.0,0.0,0.0,0.0
adm_hosp_subspecialism__ihem__ohe,0.0,0.0,0.0,1608.0,1.0,0.03296019900497513,0.0,0.0,0.17858795774452565,0.0,0.0,0.0,464.0,1.0,0.034482758620689655,0.0,0.0,0.18266254846995839,0.0,0.0,0.0,1329.0,1.0,0.057938299473288185,0.0,0.0,0.23371468379007337,0.0,0.0,0.0,244.0,1.0,0.06967213114754098,0.0,0.0,0.2551169647871119
adm_hosp_subspecialism__iinf__ohe,0.0,0.0,0.0,1608.0,1.0,0.013059701492537313,0.0,0.0,0.1135656916294754,0.0,0.0,0.0,464.0,1.0,0.017241379310344827,0.0,0.0,0.1303100552861388,0.0,0.0,0.0,1329.0,1.0,0.0007524454477050414,0.0,0.0,0.027430739102420144,0.0,0.0,0.0,244.0,0.0,0.0,0.0,0.0,0.0
adm_hosp_subspecialism__inef__ohe,0.0,0.0,0.0,1608.0,1.0,0.007462686567164179,0.0,0.0,0.08609067361151064,0.0,0.0,0.0,464.0,1.0,0.00646551724137931,0.0,0.0,0.08023458382269186,0.0,0.0,0.0,1329.0,1.0,0.009029345372460496,0.0,0.0,0.09462850579016968,0.0,0.0,0.0,244.0,1.0,0.03278688524590164,0.0,0.0,0.1784444089067903
adm_hosp_subspecialism__init__ohe,0.0,0.0,0.0,1608.0,0.0,0.0,0.0,0.0,0.0,0.0,0.0,0.0,464.0,1.0,0.0021551724137931034,0.0,0.0,0.04642383454426297,0.0,0.0,0.0,1329.0,0.0,0.0,0.0,0.0,0.0,0.0,0.0,0.0,244.0,0.0,0.0,0.0,0.0,0.0
adm_hosp_subspecialism__inta__ohe,0.0,0.0,0.0,1608.0,1.0,0.10883084577114428,0.0,0.0,0.3115237477626197,0.0,0.0,0.0,464.0,1.0,0.1271551724137931,0.0,0.0,0.3335062918624613,0.0,0.0,0.0,1329.0,1.0,0.13544018058690746,0.0,0.0,0.34232194331105403,0.0,0.0,0.0,244.0,1.0,0.11885245901639344,0.0,0.0,0.32428001089672387
adm_hosp_subspecialism__ionc__ohe,0.0,0.0,0.0,1608.0,1.0,0.0018656716417910447,0.0,0.0,0.043166534615224614,0.0,0.0,0.0,464.0,1.0,0.0021551724137931034,0.0,0.0,0.046423834544262986,0.0,0.0,0.0,1329.0,1.0,0.009029345372460496,0.0,0.0,0.09462850579016968,0.0,0.0,0.0,244.0,1.0,0.02459016393442623,0.0,0.0,0.15519082924934896
adm_hosp_subspecialism__ioud__ohe,0.0,0.0,0.0,1608.0,1.0,0.0006218905472636816,0.0,0.0,0.024937733402690822,0.0,0.0,0.0,464.0,0.0,0.0,0.0,0.0,0.0,0.0,0.0,0.0,1329.0,0.0,0.0,0.0,0.0,0.0,0.0,0.0,0.0,244.0,0.0,0.0,0.0,0.0,0.0
adm_hosp_subspecialism__ivas__ohe,0.0,0.0,0.0,1608.0,1.0,0.0006218905472636816,0.0,0.0,0.024937733402690822,0.0,0.0,0.0,464.0,1.0,0.0021551724137931034,0.0,0.0,0.04642383454426297,0.0,0.0,0.0,1329.0,0.0,0.0,0.0,0.0,0.0,0.0,0.0,0.0,244.0,0.0,0.0,0.0,0.0,0.0
adm_hosp_subspecialism__khem__ohe,0.0,0.0,0.0,1608.0,0.0,0.0,0.0,0.0,0.0,0.0,0.0,0.0,464.0,0.0,0.0,0.0,0.0,0.0,0.0,0.0,0.0,1329.0,1.0,0.002257336343115124,0.0,0.0,0.04747564365217965,0.0,0.0,0.0,244.0,1.0,0.004098360655737705,0.0,0.0,0.06401843996644799
adm_hosp_subspecialism__knoh__ohe,0.0,0.0,0.0,1608.0,1.0,0.0006218905472636816,0.0,0.0,0.02493773340269082,0.0,0.0,0.0,464.0,1.0,0.0021551724137931034,0.0,0.0,0.04642383454426297,0.0,0.0,0.0,1329.0,1.0,0.013544018058690745,0.0,0.0,0.1156314762919053,0.0,0.0,0.0,244.0,1.0,0.012295081967213115,0.0,0.0,0.11042593842457477
adm_hosp_subspecialism__long__ohe,0.0,0.0,0.0,1608.0,1.0,0.09577114427860696,0.0,0.0,0.29436868181675335,0.0,0.0,0.0,464.0,1.0,0.11206896551724138,0.0,0.0,0.315791760244368,0.0,0.0,0.0,1329.0,1.0,0.20692249811888638,0.0,0.0,0.40525196035115424,0.0,0.0,0.0,244.0,1.0,0.21721311475409835,0.0,0.0,0.41319643749551216
adm_hosp_subspecialism__mdlz__ohe,0.0,0.0,0.0,1608.0,1.0,0.024253731343283583,0.0,0.0,0.15388376899686168,0.0,0.0,0.0,464.0,1.0,0.02586206896551724,0.0,0.0,0.15889504511338567,0.0,0.0,0.0,1329.0,1.0,0.01730624529721595,0.0,0.0,0.13045897995318192,0.0,0.0,0.0,244.0,1.0,0.020491803278688523,0.0,0.0,0.14196650888315676
adm_hosp_subspecialism__mkaa__ohe,0.0,0.0,0.0,1608.0,1.0,0.0037313432835820895,0.0,0.0,0.06098961901884443,0.0,0.0,0.0,464.0,0.0,0.0,0.0,0.0,0.0,0.0,0.0,0.0,1329.0,1.0,0.0007524454477050414,0.0,0.0,0.02743073910242014,0.0,0.0,0.0,244.0,0.0,0.0,0.0,0.0,0.0
adm_hosp_subspecialism__nchi__ohe,0.0,0.0,0.0,1608.0,1.0,0.06529850746268656,0.0,0.0,0.24712869694558912,0.0,0.0,0.0,464.0,1.0,0.03017241379310345,0.0,0.0,0.17124613919058596,0.0,0.0,0.0,1329.0,1.0,0.01655379984951091,0.0,0.0,0.12764023826434903,0.0,0.0,0.0,244.0,1.0,0.012295081967213115,0.0,0.0,0.11042593842457477
adm_hosp_subspecialism__nchv__ohe,0.0,0.0,0.0,1608.0,1.0,0.004975124378109453,0.0,0.0,0.07038077167196988,0.0,0.0,0.0,464.0,0.0,0.0,0.0,0.0,0.0,0.0,0.0,0.0,1329.0,0.0,0.0,0.0,0.0,0.0,0.0,0.0,0.0,244.0,0.0,0.0,0.0,0.0,0.0
adm_hosp_subspecialism__neuv__ohe,0.0,0.0,0.0,1608.0,1.0,0.12313432835820895,0.0,0.0,0.328693556756614,0.0,0.0,0.0,464.0,1.0,0.11853448275862069,0.0,0.0,0.32358882346295936,0.0,0.0,0.0,1329.0,1.0,0.05342362678705794,0.0,0.0,0.22496137971447747,0.0,0.0,0.0,244.0,1.0,0.045081967213114756,0.0,0.0,0.20791041875028948
adm_hosp_subspecialism__oogh__ohe,0.0,0.0,0.0,1608.0,1.0,0.0006218905472636816,0.0,0.0,0.02493773340269082,0.0,0.0,0.0,464.0,0.0,0.0,0.0,0.0,0.0,0.0,0.0,0.0,1329.0,0.0,0.0,0.0,0.0,0.0,0.0,0.0,0.0,244.0,0.0,0.0,0.0,0.0,0.0
adm_hosp_subspecialism__orth__ohe,0.0,0.0,0.0,1608.0,1.0,0.0012437810945273632,0.0,0.0,0.03525630606704012,0.0,0.0,0.0,464.0,1.0,0.0021551724137931034,0.0,0.0,0.04642383454426297,0.0,0.0,0.0,1329.0,1.0,0.0015048908954100827,0.0,0.0,0.03877831474464335,0.0,0.0,0.0,244.0,1.0,0.012295081967213115,0.0,0.0,0.11042593842457477
adm_hosp_subspecialism__pchi__ohe,0.0,0.0,0.0,1608.0,1.0,0.0006218905472636816,0.0,0.0,0.02493773340269082,0.0,0.0,0.0,464.0,0.0,0.0,0.0,0.0,0.0,0.0,0.0,0.0,1329.0,0.0,0.0,0.0,0.0,0.0,0.0,0.0,0.0,244.0,0.0,0.0,0.0,0.0,0.0
adm_hosp_subspecialism__psyc__ohe,0.0,0.0,0.0,1608.0,0.0,0.0,0.0,0.0,0.0,0.0,0.0,0.0,464.0,0.0,0.0,0.0,0.0,0.0,0.0,0.0,0.0,1329.0,1.0,0.0007524454477050414,0.0,0.0,0.027430739102420144,0.0,0.0,0.0,244.0,0.0,0.0,0.0,0.0,0.0
adm_hosp_subspecialism__reum__ohe,0.0,0.0,0.0,1608.0,1.0,0.003109452736318408,0.0,0.0,0.055693024392403694,0.0,0.0,0.0,464.0,1.0,0.01293103448275862,0.0,0.0,0.11309902953546905,0.0,0.0,0.0,1329.0,1.0,0.0015048908954100827,0.0,0.0,0.03877831474464335,0.0,0.0,0.0,244.0,0.0,0.0,0.0,0.0,0.0
adm_hosp_subspecialism__rint__ohe,0.0,0.0,0.0,1608.0,0.0,0.0,0.0,0.0,0.0,0.0,0.0,0.0,464.0,0.0,0.0,0.0,0.0,0.0,0.0,0.0,0.0,1329.0,1.0,0.0015048908954100827,0.0,0.0,0.03877831474464335,0.0,0.0,0.0,244.0,0.0,0.0,0.0,0.0,0.0
adm_hosp_subspecialism__rthe__ohe,0.0,0.0,0.0,1608.0,1.0,0.0006218905472636816,0.0,0.0,0.024937733402690822,0.0,0.0,0.0,464.0,0.0,0.0,0.0,0.0,0.0,0.0,0.0,0.0,1329.0,0.0,0.0,0.0,0.0,0.0,0.0,0.0,0.0,244.0,0.0,0.0,0.0,0.0,0.0
adm_hosp_subspecialism__sehl__ohe,0.0,0.0,0.0,1608.0,1.0,0.07276119402985075,0.0,0.0,0.25982491388119644,0.0,0.0,0.0,464.0,1.0,0.07327586206896551,0.0,0.0,0.26087003744305387,0.0,0.0,0.0,1329.0,1.0,0.03837471783295711,0.0,0.0,0.1921715030623593,0.0,0.0,0.0,244.0,1.0,0.020491803278688523,0.0,0.0,0.1419665088831568
adm_hosp_subspecialism__urov__ohe,0.0,0.0,0.0,1608.0,1.0,0.003109452736318408,0.0,0.0,0.05569302439240369,0.0,0.0,0.0,464.0,1.0,0.0021551724137931034,0.0,0.0,0.046423834544262986,0.0,0.0,0.0,1329.0,1.0,0.004514672686230248,0.0,0.0,0.06706470511079846,0.0,0.0,0.0,244.0,1.0,0.00819672131147541,0.0,0.0,0.09034926645000338
adm_hosp_subspecialism__vgyn__ohe,0.0,0.0,0.0,1608.0,1.0,0.004353233830845771,0.0,0.0,0.06585575383457509,0.0,0.0,0.0,464.0,1.0,0.00646551724137931,0.0,0.0,0.08023458382269186,0.0,0.0,0.0,1329.0,0.0,0.0,0.0,0.0,0.0,0.0,0.0,0.0,244.0,0.0,0.0,0.0,0.0,0.0
adm_hosp_subspecialism__vobs__ohe,0.0,0.0,0.0,1608.0,1.0,0.006218905472636816,0.0,0.0,0.07863889944602426,0.0,0.0,0.0,464.0,1.0,0.004310344827586207,0.0,0.0,0.0655822783038728,0.0,0.0,0.0,1329.0,1.0,0.0007524454477050414,0.0,0.0,0.027430739102420144,0.0,0.0,0.0,244.0,0.0,0.0,0.0,0.0,0.0
atc_first_24h__g2__a0__ohe,0.0,0.0,0.0,1608.0,1.0,0.0037313432835820895,0.0,0.0,0.06098961901884443,0.0,0.0,0.0,464.0,1.0,0.00646551724137931,0.0,0.0,0.08023458382269184,0.0,0.0,0.0,1329.0,1.0,0.012039127163280662,0.0,0.0,0.10910152632399572,0.0,0.0,0.0,244.0,1.0,0.012295081967213115,0.0,0.0,0.11042593842457478
atc_first_24h__g2__c0__ohe,0.0,0.0,0.0,1608.0,1.0,0.13495024875621892,0.0,0.0,0.3417767150851923,0.0,0.0,0.0,464.0,1.0,0.10129310344827586,0.0,0.0,0.30204209273521515,0.0,0.0,0.0,1329.0,1.0,0.09179834462001504,0.0,0.0,0.28884976756118264,0.0,0.0,0.0,244.0,1.0,0.08196721311475409,0.0,0.0,0.27487861696506927
atc_first_24h__g2__c1__ohe,0.0,0.0,0.0,1608.0,1.0,0.09639303482587065,0.0,0.0,0.29522130498742033,0.0,0.0,0.0,464.0,1.0,0.18318965517241378,0.0,0.0,0.3872394387968613,0.0,0.0,0.0,1329.0,1.0,0.10835214446952596,0.0,0.0,0.3109416460144829,0.0,0.0,1.0,244.0,1.0,0.3360655737704918,0.0,0.0,0.4733325636875141
atc_first_24h__g2__d0__ohe,0.0,1.0,1.0,1608.0,1.0,0.5192786069651741,0.0,0.0,0.4997836266013947,0.0,0.0,1.0,464.0,1.0,0.4827586206896552,0.0,0.0,0.5002419910418847,0.0,1.0,1.0,1329.0,1.0,0.5673438675696012,0.0,0.0,0.49563054935628353,0.0,0.0,1.0,244.0,1.0,0.4016393442622951,0.0,0.0,0.491237390595331
atc_first_24h__g2__d1__ohe,0.0,0.0,0.0,1608.0,1.0,0.0708955223880597,0.0,0.0,0.2567300845411403,0.0,0.0,0.0,464.0,1.0,0.07543103448275862,0.0,0.0,0.26437061570323517,0.0,0.0,0.0,1329.0,1.0,0.05568096313017306,0.0,0.0,0.22939090499724973,0.0,0.0,0.0,244.0,1.0,0.06147540983606557,0.0,0.0,0.2406940312446199
atc_first_24h__g2__e0__ohe,0.0,0.0,0.0,1608.0,1.0,0.03171641791044776,0.0,0.0,0.17529859437939638,0.0,0.0,0.0,464.0,1.0,0.023706896551724137,0.0,0.0,0.15229861637075748,0.0,0.0,0.0,1329.0,1.0,0.057938299473288185,0.0,0.0,0.23371468379007337,0.0,0.0,0.0,244.0,1.0,0.04918032786885246,0.0,0.0,0.21668885038926122
atc_first_24h__g2__f0__ohe,0.0,0.0,0.0,1608.0,1.0,0.014925373134328358,0.0,0.0,0.12129202559439596,0.0,0.0,0.0,464.0,1.0,0.01293103448275862,0.0,0.0,0.11309902953546903,0.0,0.0,0.0,1329.0,1.0,0.01655379984951091,0.0,0.0,0.12764023826434903,0.0,0.0,0.0,244.0,1.0,0.020491803278688523,0.0,0.0,0.14196650888315676
atc_first_24h__g2__g0__ohe,0.0,0.0,0.0,1608.0,1.0,0.04291044776119403,0.0,0.0,0.2027182715941799,0.0,0.0,0.0,464.0,1.0,0.01939655172413793,0.0,0.0,0.13806305125555138,0.0,0.0,0.0,1329.0,1.0,0.006019563581640331,0.0,0.0,0.07738109558753654,0.0,0.0,0.0,244.0,1.0,0.00819672131147541,0.0,0.0,0.09034926645000335
atc_first_24h__g2__m0__ohe,0.0,0.0,0.0,1608.0,1.0,0.15547263681592038,0.0,0.0,0.362467380070876,0.0,0.0,0.0,464.0,1.0,0.1314655172413793,0.0,0.0,0.33827348275078445,0.0,0.0,0.0,1329.0,1.0,0.23325808878856283,0.0,0.0,0.4230643308870826,0.0,0.0,0.0,244.0,1.0,0.20081967213114754,0.0,0.0,0.40143690506381846
atc_first_24h__g2__x0__ohe,0.0,0.0,0.0,1608.0,1.0,0.19713930348258707,0.0,0.0,0.39796217122980915,0.0,0.0,0.0,464.0,1.0,0.1271551724137931,0.0,0.0,0.3335062918624614,0.0,0.0,0.0,1329.0,1.0,0.1294206170052671,0.0,0.0,0.3357912498266761,0.0,0.0,0.0,244.0,1.0,0.09836065573770492,0.0,0.0,0.2984138057016014
atc_first_24h__g2__x1__ohe,0.0,0.0,0.0,1608.0,1.0,0.13495024875621892,0.0,0.0,0.3417767150851923,0.0,0.0,0.0,464.0,1.0,0.14655172413793102,0.0,0.0,0.3540401886823084,0.0,0.0,0.0,1329.0,1.0,0.13017306245297217,0.0,0.0,0.3366204068978695,0.0,0.0,0.0,244.0,1.0,0.07377049180327869,0.0,0.0,0.2619343299374046
atc_first_24h__g2__x2__ohe,0.0,0.0,0.0,1608.0,1.0,0.005597014925373134,0.0,0.0,0.0746267495749963,0.0,0.0,0.0,464.0,0.0,0.0,0.0,0.0,0.0,0.0,0.0,0.0,1329.0,1.0,0.0030097817908201654,0.0,0.0,0.05479947613770964,0.0,0.0,0.0,244.0,0.0,0.0,0.0,0.0,0.0
atc_first_24h__groups__j01a__ohe,0.0,0.0,0.0,1608.0,1.0,0.0037313432835820895,0.0,0.0,0.06098961901884443,0.0,0.0,0.0,464.0,1.0,0.00646551724137931,0.0,0.0,0.08023458382269184,0.0,0.0,0.0,1329.0,1.0,0.012039127163280662,0.0,0.0,0.10910152632399572,0.0,0.0,0.0,244.0,1.0,0.012295081967213115,0.0,0.0,0.11042593842457478
atc_first_24h__groups__j01c__ohe,0.0,0.0,0.0,1608.0,1.0,0.23134328358208955,0.0,0.0,0.42182250335383425,0.0,0.0,1.0,464.0,1.0,0.2801724137931034,0.0,0.0,0.4495680341099811,0.0,0.0,0.0,1329.0,1.0,0.1986455981941309,0.0,0.0,0.3991307970203282,0.0,0.0,1.0,244.0,1.0,0.4139344262295082,0.0,0.0,0.493549431110882
atc_first_24h__groups__j01d__ohe,0.0,1.0,1.0,1608.0,1.0,0.5845771144278606,0.0,0.0,0.49294810048157717,0.0,1.0,1.0,464.0,1.0,0.5560344827586207,0.0,0.0,0.4973864815043903,0.0,1.0,1.0,1329.0,1.0,0.6192626034612491,0.0,0.0,0.4857509381454458,0.0,0.0,1.0,244.0,1.0,0.45901639344262296,0.0,0.0,0.49934180519287247
atc_first_24h__groups__j01e__ohe,0.0,0.0,0.0,1608.0,1.0,0.03171641791044776,0.0,0.0,0.17529859437939638,0.0,0.0,0.0,464.0,1.0,0.023706896551724137,0.0,0.0,0.15229861637075748,0.0,0.0,0.0,1329.0,1.0,0.057938299473288185,0.0,0.0,0.23371468379007337,0.0,0.0,0.0,244.0,1.0,0.04918032786885246,0.0,0.0,0.21668885038926122
atc_first_24h__groups__j01f__ohe,0.0,0.0,0.0,1608.0,1.0,0.014925373134328358,0.0,0.0,0.12129202559439596,0.0,0.0,0.0,464.0,1.0,0.01293103448275862,0.0,0.0,0.11309902953546903,0.0,0.0,0.0,1329.0,1.0,0.01655379984951091,0.0,0.0,0.12764023826434903,0.0,0.0,0.0,244.0,1.0,0.020491803278688523,0.0,0.0,0.14196650888315676
atc_first_24h__groups__j01g__ohe,0.0,0.0,0.0,1608.0,1.0,0.04291044776119403,0.0,0.0,0.2027182715941799,0.0,0.0,0.0,464.0,1.0,0.01939655172413793,0.0,0.0,0.13806305125555138,0.0,0.0,0.0,1329.0,1.0,0.006019563581640331,0.0,0.0,0.07738109558753654,0.0,0.0,0.0,244.0,1.0,0.00819672131147541,0.0,0.0,0.09034926645000335
atc_first_24h__groups__j01m__ohe,0.0,0.0,0.0,1608.0,1.0,0.15547263681592038,0.0,0.0,0.362467380070876,0.0,0.0,0.0,464.0,1.0,0.1314655172413793,0.0,0.0,0.33827348275078445,0.0,0.0,0.0,1329.0,1.0,0.23325808878856283,0.0,0.0,0.4230643308870826,0.0,0.0,0.0,244.0,1.0,0.20081967213114754,0.0,0.0,0.40143690506381846
atc_first_24h__groups__j01x__ohe,0.0,0.0,0.0,1608.0,1.0,0.13743781094527363,0.0,0.0,0.344416069943433,0.0,0.0,0.0,464.0,1.0,0.14655172413793102,0.0,0.0,0.3540401886823084,0.0,0.0,0.0,1329.0,1.0,0.13318284424379231,0.0,0.0,0.3399001409973769,0.0,0.0,0.0,244.0,1.0,0.07377049180327869,0.0,0.0,0.2619343299374046
atc_first_24h__groups__j01z__ohe,0.0,0.0,0.0,1608.0,1.0,0.19713930348258707,0.0,0.0,0.39796217122980915,0.0,0.0,0.0,464.0,1.0,0.1271551724137931,0.0,0.0,0.3335062918624614,0.0,0.0,0.0,1329.0,1.0,0.1294206170052671,0.0,0.0,0.3357912498266761,0.0,0.0,0.0,244.0,1.0,0.09836065573770492,0.0,0.0,0.2984138057016014
atc_last_24h__g2__a0__ohe,0.0,0.0,0.0,1608.0,1.0,0.004353233830845771,0.0,0.0,0.06585575383457508,0.0,0.0,0.0,464.0,1.0,0.00646551724137931,0.0,0.0,0.08023458382269184,0.0,0.0,0.0,1329.0,1.0,0.01580135440180587,0.0,0.0,0.124753285315295,0.0,0.0,0.0,244.0,1.0,0.020491803278688523,0.0,0.0,0.14196650888315676
atc_last_24h__g2__c0__ohe,0.0,0.0,0.0,1608.0,1.0,0.12624378109452736,0.0,0.0,0.3322272263904305,0.0,0.0,0.0,464.0,1.0,0.07327586206896551,0.0,0.0,0.26087003744305387,0.0,0.0,0.0,1329.0,1.0,0.0797592174567344,0.0,0.0,0.27102205450535355,0.0,0.0,0.0,244.0,1.0,0.06147540983606557,0.0,0.0,0.24069403124461988
atc_last_24h__g2__c1__ohe,0.0,0.0,0.0,1608.0,1.0,0.0914179104477612,0.0,0.0,0.28829214850558854,0.0,0.0,0.0,464.0,1.0,0.18318965517241378,0.0,0.0,0.3872394387968613,0.0,0.0,0.0,1329.0,1.0,0.10609480812641084,0.0,0.0,0.30807485210355384,0.0,0.0,1.0,244.0,1.0,0.4180327868852459,0.0,0.0,0.49424946525011054
atc_last_24h__g2__d0__ohe,0.0,0.0,1.0,1608.0,1.0,0.4695273631840796,0.0,0.0,0.4992258105847131,0.0,0.0,1.0,464.0,1.0,0.4892241379310345,0.0,0.0,0.5004234075287756,0.0,1.0,1.0,1329.0,1.0,0.5003762227238525,0.0,0.0,0.5001880759893484,0.0,0.0,1.0,244.0,1.0,0.29918032786885246,0.0,0.0,0.45884017347721406
atc_last_24h__g2__d1__ohe,0.0,0.0,0.0,1608.0,1.0,0.07587064676616916,0.0,0.0,0.2648734080162263,0.0,0.0,0.0,464.0,1.0,0.08620689655172414,0.0,0.0,0.280972255757131,0.0,0.0,0.0,1329.0,1.0,0.06696764484574869,0.0,0.0,0.25006005243910845,0.0,0.0,0.0,244.0,1.0,0.04918032786885246,0.0,0.0,0.21668885038926122
atc_last_24h__g2__e0__ohe,0.0,0.0,0.0,1608.0,1.0,0.033582089552238806,0.0,0.0,0.18020690446204565,0.0,0.0,0.0,464.0,1.0,0.021551724137931036,0.0,0.0,0.14537122182622622,0.0,0.0,0.0,1329.0,1.0,0.06395786305492852,0.0,0.0,0.24476996460460268,0.0,0.0,0.0,244.0,1.0,0.05327868852459016,0.0,0.0,0.22505031032570655
atc_last_24h__g2__f0__ohe,0.0,0.0,0.0,1608.0,1.0,0.009328358208955223,0.0,0.0,0.09616179397415128,0.0,0.0,0.0,464.0,1.0,0.008620689655172414,0.0,0.0,0.09254637785896824,0.0,0.0,0.0,1329.0,1.0,0.009781790820165538,0.0,0.0,0.09845507170318706,0.0,0.0,0.0,244.0,1.0,0.02459016393442623,0.0,0.0,0.15519082924934896
atc_last_24h__g2__g0__ohe,0.0,0.0,0.0,1608.0,1.0,0.021144278606965175,0.0,0.0,0.1439099631386955,0.0,0.0,0.0,464.0,1.0,0.01293103448275862,0.0,0.0,0.11309902953546905,0.0,0.0,0.0,1329.0,1.0,0.004514672686230248,0.0,0.0,0.06706470511079846,0.0,0.0,0.0,244.0,0.0,0.0,0.0,0.0,0.0
atc_last_24h__g2__m0__ohe,0.0,0.0,0.0,1608.0,1.0,0.14676616915422885,0.0,0.0,0.35398274814750824,0.0,0.0,0.0,464.0,1.0,0.1314655172413793,0.0,0.0,0.33827348275078445,0.0,0.0,0.0,1329.0,1.0,0.19563581640331076,0.0,0.0,0.39683868203539935,0.0,0.0,0.0,244.0,1.0,0.14344262295081966,0.0,0.0,0.35124416253498436
atc_last_24h__g2__x0__ohe,0.0,0.0,0.0,1608.0,1.0,0.2232587064676617,0.0,0.0,0.41655992156018046,0.0,0.0,0.0,464.0,1.0,0.11853448275862069,0.0,0.0,0.32358882346295936,0.0,0.0,0.0,1329.0,1.0,0.15726109857035364,0.0,0.0,0.36418380272572276,0.0,0.0,0.0,244.0,1.0,0.0860655737704918,0.0,0.0,0.2810373417393724
atc_last_24h__g2__x1__ohe,0.0,0.0,0.0,1608.0,1.0,0.11753731343283583,0.0,0.0,0.3221596458853274,0.0,0.0,0.0,464.0,1.0,0.1336206896551724,0.0,0.0,0.3406115616688663,0.0,0.0,0.0,1329.0,1.0,0.1038374717832957,0.0,0.0,0.3051644195548983,0.0,0.0,0.0,244.0,1.0,0.06967213114754098,0.0,0.0,0.2551169647871119
atc_last_24h__g2__x2__ohe,0.0,0.0,0.0,1608.0,1.0,0.007462686567164179,0.0,0.0,0.08609067361151064,0.0,0.0,0.0,464.0,0.0,0.0,0.0,0.0,0.0,0.0,0.0,0.0,1329.0,1.0,0.006772009029345372,0.0,0.0,0.08204397475883791,0.0,0.0,0.0,244.0,0.0,0.0,0.0,0.0,0.0
bmi,23.4,26.4,30.48668503213958,1545.0,60.2,27.213936466550262,13.6,0.03917910447761194,5.698565635332867,23.55,26.9,30.9,447.0,60.2,27.564546199442148,13.8,0.036637931034482756,5.845987980921791,23.2,26.2,29.8,1280.0,58.3,27.074921874999994,15.2,0.03686982693754703,5.715460904255638,23.8,25.45,29.7,238.0,45.1,26.90546218487395,15.4,0.02459016393442623,5.453819510566722
bp_sys__event_m1d__min,83.0,94.0,108.0,1605.0,176.0,97.23302180685359,41.0,0.0018656716417910447,20.397894399002702,81.0,91.0,103.0,463.0,173.0,93.95464362850971,37.0,0.0021551724137931034,20.094584112171187,87.0,97.0,111.0,1325.0,184.0,99.55018867924528,37.0,0.0030097817908201654,18.18476655008223,83.0,92.0,104.0,244.0,157.0,94.92213114754098,57.0,0.0,18.34506027768192
crp__event_m3d__last,24.300000190734863,73.0,161.4000015258789,447.0,634.7999877929688,113.88791948423557,0.4000000059604645,0.7220149253731343,117.65270530314551,44.14999961853027,102.1500015258789,180.3249969482422,152.0,588.5,125.75657947204616,1.0,0.6724137931034483,108.92645712390292,36.0,74.0,143.25,1312.0,486.0,103.98407012181039,0.4000000059604645,0.012791572610985704,93.09989335502961,55.5,97.0,163.0,240.0,441.0,122.65166666607062,2.200000047683716,0.01639344262295082,93.42873325798104
crp__event_m3d__trend,-1.1269037446709274,-0.0659363660976851,1.4741152503273853,116.0,38.30808746914549,-2.899528429876227,-229.09090618841532,0.927860696517413,28.860686154308333,-1.3067239888924445,-0.12774402030128854,1.4723560323051574,42.0,437.1425653670955,10.158846997095262,-112.47433496014185,0.9094827586206896,71.2765006511356,-1.1861838544424668,-0.39235904503238406,0.20563329747594514,1251.0,383.0769230632012,-0.21051760685020654,-290.0000000675209,0.05869074492099323,17.558293362110884,-1.2104772884175494,-0.16955227893595276,0.5989432979340841,231.0,193.5714285682093,0.3927480367907153,-90.00000002095476,0.05327868852459016,14.609877057045052
crp__start_p1d__last,36.400001525878906,96.5999984741211,217.6999969482422,297.0,634.7999877929688,141.56700359952168,0.6000000238418579,0.8152985074626866,132.08050844235217,52.32499980926514,105.35000228881836,239.0250015258789,90.0,524.9000244140625,160.91444513267942,1.7000000476837158,0.8060344827586207,138.50099409495434,54.0,115.0,211.75,1142.0,638.0,144.51646234786656,0.6000000238418579,0.14070729872084273,113.20588803282934,71.0,118.0,212.0,213.0,502.0,145.16666666666666,1.100000023841858,0.12704918032786885,99.25171100975898
heart_rate__event_m1d__last,79.0,91.0,105.0,1607.0,175.0,92.31611698817673,41.0,0.0006218905472636816,19.05924780468663,82.0,95.0,109.0,463.0,170.0,95.25269978401728,55.0,0.0021551724137931034,19.414449595211295,74.0,87.0,100.0,1327.0,177.0,87.28033157498116,39.0,0.0015048908954100827,19.0886974023223,76.0,88.0,103.0,244.0,158.0,90.06967213114754,45.0,0.0,19.655239992208667
heart_rate__event_m1d__trend,-0.4247648295640946,-0.04652173913043477,0.3243858475073638,1600.0,22.0,-0.10461289003234539,-26.142857139874295,0.004975124378109453,1.4210110190419247,-0.44888077445652175,-0.058276929977627595,0.31977750184103604,462.0,3.802083873308798,-0.07822728804928283,-11.006462035519535,0.004310344827586207,0.9636067899383237,-0.4295652173913043,-0.03361216730038022,0.3539600296076979,1325.0,6.9552714373513,-0.06634838531305512,-8.682689382419403,0.0030097817908201654,0.84854413550099,-0.41727153145059276,-0.03541034921255995,0.30362288695374806,243.0,3.268479383437651,-0.02087325458281743,-4.344527094949059,0.004098360655737705,0.7994116916624838
heart_rate__start_p1d__last,79.0,92.0,106.0,1542.0,156.0,93.07133592736706,41.0,0.041044776119402986,19.478272110019066,83.5,96.0,109.0,439.0,163.0,96.04555808656036,50.0,0.05387931034482758,19.065681284105686,76.0,90.0,104.0,1247.0,187.0,90.4410585404972,39.0,0.06170052671181339,20.161535016553106,81.0,94.5,106.25,232.0,152.0,94.125,48.0,0.04918032786885246,18.873855000963704
is_sdd_within_14d_before_stop,0.0,0.0,1.0,1608.0,1.0,0.43097014925373134,0.0,0.0,0.4953660099992518,0.0,0.0,1.0,464.0,1.0,0.44612068965517243,0.0,0.0,0.4976250664755911,0.0,1.0,1.0,1329.0,1.0,0.5229495861550038,0.0,0.0,0.4996610580266764,0.0,0.0,1.0,244.0,1.0,0.36475409836065575,0.0,0.0,0.48235057707153345
is_sex__female,0.0,0.0,1.0,1608.0,1.0,0.3706467661691542,0.0,0.0,0.483128241952885,0.0,0.0,1.0,464.0,1.0,0.3857758620689655,0.0,0.0,0.48730342038587576,0.0,0.0,1.0,1329.0,1.0,0.27840481565086533,0.0,0.0,0.44838248299987077,0.0,0.0,1.0,244.0,1.0,0.27049180327868855,0.0,0.0,0.4451269804663851
is_sex__male,0.0,1.0,1.0,1608.0,1.0,0.6293532338308457,0.0,0.0,0.483128241952885,0.0,1.0,1.0,464.0,1.0,0.6142241379310345,0.0,0.0,0.48730342038587576,0.0,1.0,1.0,1329.0,1.0,0.7215951843491347,0.0,0.0,0.44838248299987077,0.0,1.0,1.0,244.0,1.0,0.7295081967213115,0.0,0.0,0.4451269804663851
kreat__event_m1d__last,54.25,83.0,137.0,1466.0,826.0,118.19031377899044,7.0,0.08830845771144279,106.42943440043112,65.0,102.0,186.0,417.0,1007.0,144.1127098321343,19.0,0.10129310344827586,119.54850663656735,52.0,71.54999923706055,114.4000015258789,1156.0,891.0,98.35043245822088,7.099999904632568,0.13017306245297217,86.31007678117696,57.0,73.19999694824219,118.0,213.0,449.0,103.05070444563745,22.0,0.12704918032786885,78.95365990816073
lactate__event_m3d__last,0.8999999761581421,1.2000000476837158,1.6500000357627869,1559.0,21.799999237060547,1.424567028622049,0.20000000298023224,0.030472636815920398,0.9645011926950343,1.0,1.399999976158142,1.7999999523162842,456.0,15.0,1.5925438566166057,0.30000001192092896,0.017241379310344827,1.1403051813762972,0.800000011920929,1.0,1.399999976158142,1256.0,11.600000381469727,1.1723089180649466,0.30000001192092896,0.05492851768246802,0.6654842191403393,0.800000011920929,1.0,1.2999999523162842,237.0,4.199999809265137,1.1527848101617917,0.4000000059604645,0.028688524590163935,0.6153583763456197
lactate__event_m3d__trend,-0.009740504878268238,-0.0016152543640489327,0.0045764411244776405,1477.0,0.5910347522902558,-0.01612131065448773,-9.614244342549421,0.08146766169154229,0.28065916588937545,-0.011282419407218188,-0.002608626222844927,0.004904694363540832,443.0,0.45503627331609214,-0.010862176859309668,-0.9185882925290828,0.04525862068965517,0.07543243038974412,-0.007076351192092279,-0.0012994719473741667,0.0026838602734582627,1220.0,0.4563394784015096,-0.007442907131548728,-1.2448644350705231,0.08201655379984951,0.05064964461052196,-0.0050528844790107014,-0.00029965807962731446,0.002221587824231636,233.0,0.11758466511926707,-0.004180948165919039,-0.18848102648397613,0.045081967213114756,0.025134035955195807
lactate__start_p1d__last,1.0,1.2999999523162842,1.8749999701976776,1398.0,18.799999237060547,1.6752503564706518,0.0,0.13059701492537312,1.4349018035754142,1.0,1.399999976158142,2.0,411.0,17.100000381469727,1.81557177641676,0.4000000059604645,0.11422413793103449,1.5656529488034756,0.8999999761581421,1.2000000476837158,1.7000000476837158,1151.0,12.300000190734863,1.5051694200620975,0.4000000059604645,0.13393528969149737,1.18946870399057,0.800000011920929,1.0149999856948853,1.5700000524520874,220.0,9.0,1.4600909093564207,0.4000000059604645,0.09836065573770492,1.2101526331150063
leukocytes__event_m3d__last,8.899999618530273,12.399999618530273,17.0,1565.0,292.79998779296875,14.01348241317196,0.10000000149011612,0.026741293532338308,10.86877020075681,9.600000381469727,13.800000190734863,18.799999237060547,451.0,217.39999389648438,15.729046560278753,0.20000000298023224,0.028017241379310345,13.322381099989432,7.900000095367432,10.899999618530273,14.600000381469727,1309.0,74.4000015258789,12.02360580989065,0.10000000149011612,0.015048908954100828,6.827994887820449,8.224999904632568,12.150000095367432,15.775000095367432,242.0,37.5,12.359917367693068,0.10000000149011612,0.00819672131147541,6.176948566834895
leukocytes__event_m3d__trend,-0.068666635087655,-0.006379538182349533,0.0457788644215888,1435.0,41.53846112432608,0.016256246396504876,-36.00000846572216,0.10758706467661691,1.7803273110871198,-0.05724335503899322,-0.0029715454618365494,0.07025746154626271,424.0,24.6882793006132,0.09889238274608123,-1.1965456091563906,0.08620689655172414,1.3246179891370453,-0.06415527220599752,-0.009336140177476545,0.03384698555329719,1253.0,2.428571156052663,-0.047370873297912224,-21.521187076083645,0.05718585402558315,0.696517481751599,-0.05649848773900783,-0.005323955073975611,0.04048741751798618,235.0,9.076921023269549,-0.026897504891577016,-9.157893532649755,0.036885245901639344,0.8736941411614167
mic__gram_negative__event_m3d__ohe,0.0,0.0,0.0,1044.0,1.0,0.13697318007662834,0.0,0.35074626865671643,0.343983816495176,0.0,0.0,0.0,348.0,1.0,0.20689655172413793,0.0,0.25,0.405663963787089,0.0,0.0,0.0,1014.0,1.0,0.16272189349112426,0.0,0.23702031602708803,0.36929388556147835,0.0,0.0,0.0,195.0,1.0,0.13846153846153847,0.0,0.20081967213114754,0.34627277893390723
mic__gram_negative__start_m1d_p1d__ohe,0.0,0.0,0.0,747.0,1.0,0.1753681392235609,0.0,0.5354477611940298,0.3805364735783898,0.0,0.0,0.0,255.0,1.0,0.2,0.0,0.4504310344827586,0.40078662809510324,0.0,0.0,0.0,534.0,1.0,0.22284644194756553,0.0,0.5981941309255079,0.4165463142441587,0.0,0.0,0.0,126.0,1.0,0.12698412698412698,0.0,0.48360655737704916,0.334284357614938
mic__gram_negative__start_m1d_p3d__ohe,0.0,0.0,0.0,1249.0,1.0,0.20656525220176142,0.0,0.2232587064676617,0.4050029330100602,0.0,0.0,0.0,396.0,1.0,0.22474747474747475,0.0,0.14655172413793102,0.41794395707969,0.0,0.0,0.0,1082.0,1.0,0.2476894639556377,0.0,0.18585402558314523,0.4318700849424135,0.0,0.0,0.0,203.0,1.0,0.20689655172413793,0.0,0.1680327868852459,0.406082131060046
mic__gram_positive__event_m3d__ohe,0.0,0.0,0.0,1044.0,1.0,0.19348659003831417,0.0,0.35074626865671643,0.3952203759340625,0.0,0.0,1.0,348.0,1.0,0.25287356321839083,0.0,0.25,0.4352849490270882,0.0,0.0,1.0,1014.0,1.0,0.2958579881656805,0.0,0.23702031602708803,0.45665270344104575,0.0,0.0,1.0,195.0,1.0,0.3487179487179487,0.0,0.20081967213114754,0.47779119952787535
mic__gram_positive__start_m1d_p1d__ohe,0.0,0.0,0.0,747.0,1.0,0.2222222222222222,0.0,0.5354477611940298,0.4160182622420748,0.0,0.0,1.0,255.0,1.0,0.2549019607843137,0.0,0.4504310344827586,0.4366631368399219,0.0,0.0,1.0,534.0,1.0,0.37265917602996257,0.0,0.5981941309255079,0.48396583999053466,0.0,0.0,1.0,126.0,1.0,0.3888888888888889,0.0,0.48360655737704916,0.48944412914607077
mic__gram_positive__start_m1d_p3d__ohe,0.0,0.0,1.0,1249.0,1.0,0.2578062449959968,0.0,0.2232587064676617,0.4376019927920623,0.0,0.0,1.0,396.0,1.0,0.32575757575757575,0.0,0.14655172413793102,0.4692500688946699,0.0,0.0,1.0,1082.0,1.0,0.3955637707948244,0.0,0.18585402558314523,0.4891975589791994,0.0,0.0,1.0,203.0,1.0,0.4630541871921182,0.0,0.1680327868852459,0.4998658552920335
mic__group_acinetobacter_and_aeromonas__event_m3d__ohe,0.0,0.0,0.0,1044.0,1.0,0.0038314176245210726,0.0,0.35074626865671643,0.061809362137499824,0.0,0.0,0.0,348.0,1.0,0.0028735632183908046,0.0,0.25,0.05360562674188974,0.0,0.0,0.0,1014.0,1.0,0.004930966469428008,0.0,0.23702031602708803,0.07008206420512028,0.0,0.0,0.0,195.0,1.0,0.005128205128205128,0.0,0.20081967213114754,0.07161148740394328
mic__group_acinetobacter_and_aeromonas__start_m1d_p1d__ohe,0.0,0.0,0.0,747.0,1.0,0.00535475234270415,0.0,0.5354477611940298,0.07302888802452151,0.0,0.0,0.0,255.0,1.0,0.00392156862745098,0.0,0.4504310344827586,0.06262242910851495,0.0,0.0,0.0,534.0,1.0,0.003745318352059925,0.0,0.5981941309255079,0.06114156923370548,0.0,0.0,0.0,126.0,1.0,0.007936507936507936,0.0,0.48360655737704916,0.0890870806374748
mic__group_acinetobacter_and_aeromonas__start_m1d_p3d__ohe,0.0,0.0,0.0,1249.0,1.0,0.008006405124099279,0.0,0.2232587064676617,0.08915529499479087,0.0,0.0,0.0,396.0,1.0,0.007575757575757576,0.0,0.14655172413793102,0.08681819688032692,0.0,0.0,0.0,1082.0,1.0,0.005545286506469501,0.0,0.18585402558314523,0.07429426379412847,0.0,0.0,0.0,203.0,1.0,0.014778325123152709,0.0,0.1680327868852459,0.12096282516719106
mic__group_anaerobes_excl_cutibacterium__event_m3d__ohe,0.0,0.0,0.0,1044.0,1.0,0.0019157088122605363,0.0,0.35074626865671643,0.04374782374946733,0.0,0.0,0.0,348.0,1.0,0.008620689655172414,0.0,0.25,0.09257970988881144,0.0,0.0,0.0,1014.0,1.0,0.0029585798816568047,0.0,0.23702031602708803,0.05433910799602421,0.0,0.0,0.0,195.0,0.0,0.0,0.0,0.20081967213114754,0.0
mic__group_anaerobes_excl_cutibacterium__start_m1d_p1d__ohe,0.0,0.0,0.0,747.0,1.0,0.004016064257028112,0.0,0.5354477611940298,0.06328741840780905,0.0,0.0,0.0,255.0,1.0,0.00392156862745098,0.0,0.4504310344827586,0.06262242910851495,0.0,0.0,0.0,534.0,0.0,0.0,0.0,0.5981941309255079,0.0,0.0,0.0,0.0,126.0,0.0,0.0,0.0,0.48360655737704916,0.0
mic__group_anaerobes_excl_cutibacterium__start_m1d_p3d__ohe,0.0,0.0,0.0,1249.0,1.0,0.006405124099279423,0.0,0.2232587064676617,0.07980725482335874,0.0,0.0,0.0,396.0,1.0,0.007575757575757576,0.0,0.14655172413793102,0.08681819688032691,0.0,0.0,0.0,1082.0,1.0,0.00831792975970425,0.0,0.18585402558314523,0.09086458310411798,0.0,0.0,0.0,203.0,0.0,0.0,0.0,0.1680327868852459,0.0
mic__group_candida__event_m3d__ohe,0.0,0.0,0.0,1044.0,1.0,0.011494252873563218,0.0,0.35074626865671643,0.10664440318236111,0.0,0.0,0.0,348.0,1.0,0.005747126436781609,0.0,0.25,0.07570048951464119,0.0,0.0,0.0,1014.0,1.0,0.131163708086785,0.0,0.23702031602708803,0.3377458913032966,0.0,0.0,0.0,195.0,1.0,0.08717948717948718,0.0,0.20081967213114754,0.2828240201630317
mic__group_candida__start_m1d_p1d__ohe,0.0,0.0,0.0,747.0,1.0,0.00535475234270415,0.0,0.5354477611940298,0.07302888802452151,0.0,0.0,0.0,255.0,0.0,0.0,0.0,0.4504310344827586,0.0,0.0,0.0,0.0,534.0,1.0,0.08801498127340825,0.0,0.5981941309255079,0.283582336568746,0.0,0.0,0.0,126.0,1.0,0.10317460317460317,0.0,0.48360655737704916,0.30540111537098436
mic__group_candida__start_m1d_p3d__ohe,0.0,0.0,0.0,1249.0,1.0,0.006405124099279423,0.0,0.2232587064676617,0.07980725482335874,0.0,0.0,0.0,396.0,1.0,0.005050505050505051,0.0,0.14655172413793102,0.07097689033600722,0.0,0.0,0.0,1082.0,1.0,0.15526802218114602,0.0,0.18585402558314523,0.36232746989803044,0.0,0.0,0.0,203.0,1.0,0.14285714285714285,0.0,0.1680327868852459,0.35079219298485403
mic__group_cns__event_m3d__ohe,0.0,0.0,0.0,1044.0,1.0,0.11015325670498084,0.0,0.35074626865671643,0.3132307379328091,0.0,0.0,0.0,348.0,1.0,0.11494252873563218,0.0,0.25,0.31941182820285874,0.0,0.0,0.0,1014.0,1.0,0.16666666666666666,0.0,0.23702031602708803,0.37286189855390356,0.0,0.0,0.0,195.0,1.0,0.14871794871794872,0.0,0.20081967213114754,0.3567260889130966
mic__group_cns__start_m1d_p1d__ohe,0.0,0.0,0.0,747.0,1.0,0.10174029451137885,0.0,0.5354477611940298,0.30250902899501303,0.0,0.0,0.0,255.0,1.0,0.10588235294117647,0.0,0.4504310344827586,0.30829207231570127,0.0,0.0,0.0,534.0,1.0,0.19288389513108614,0.0,0.5981941309255079,0.39493262731177464,0.0,0.0,0.0,126.0,1.0,0.15873015873015872,0.0,0.48360655737704916,0.36688305303348995
mic__group_cns__start_m1d_p3d__ohe,0.0,0.0,0.0,1249.0,1.0,0.12409927942353884,0.0,0.2232587064676617,0.32982684327682416,0.0,0.0,0.0,396.0,1.0,0.14898989898989898,0.0,0.14655172413793102,0.35652896258724076,0.0,0.0,0.0,1082.0,1.0,0.20147874306839186,0.0,0.18585402558314523,0.4012902802235982,0.0,0.0,0.0,203.0,1.0,0.19704433497536947,0.0,0.1680327868852459,0.39874944738150486
mic__group_community_pathogens__event_m3d__ohe,0.0,0.0,0.0,1044.0,1.0,0.01053639846743295,0.0,0.35074626865671643,0.10215369962903251,0.0,0.0,0.0,348.0,1.0,0.02586206896551724,0.0,0.25,0.1589522736566111,0.0,0.0,0.0,1014.0,1.0,0.008875739644970414,0.0,0.23702031602708803,0.0938383981040371,0.0,0.0,0.0,195.0,1.0,0.015384615384615385,0.0,0.20081967213114754,0.12339372391778994
mic__group_community_pathogens__start_m1d_p1d__ohe,0.0,0.0,0.0,747.0,1.0,0.013386880856760375,0.0,0.5354477611940298,0.11500163882404028,0.0,0.0,0.0,255.0,1.0,0.023529411764705882,0.0,0.4504310344827586,0.15187572013907571,0.0,0.0,0.0,534.0,1.0,0.009363295880149813,0.0,0.5981941309255079,0.0964003487708969,0.0,0.0,0.0,126.0,1.0,0.015873015873015872,0.0,0.48360655737704916,0.12548319308190936
mic__group_community_pathogens__start_m1d_p3d__ohe,0.0,0.0,0.0,1249.0,1.0,0.013610888710968775,0.0,0.2232587064676617,0.11591544391387726,0.0,0.0,0.0,396.0,1.0,0.030303030303030304,0.0,0.14655172413793102,0.17163667570333047,0.0,0.0,0.0,1082.0,1.0,0.01756007393715342,0.0,0.18585402558314523,0.13140653247199227,0.0,0.0,0.0,203.0,1.0,0.03940886699507389,0.0,0.1680327868852459,0.19504669489205376
mic__group_coryneform_or_cutibacterium_or_bacillus_like__event_m3d__ohe,0.0,0.0,0.0,1044.0,1.0,0.0028735632183908046,0.0,0.35074626865671643,0.05355420646459591,0.0,0.0,0.0,348.0,1.0,0.005747126436781609,0.0,0.25,0.0757004895146412,0.0,0.0,0.0,1014.0,1.0,0.015779092702169626,0.0,0.23702031602708803,0.1246813688890235,0.0,0.0,0.0,195.0,1.0,0.015384615384615385,0.0,0.20081967213114754,0.12339372391778994
mic__group_coryneform_or_cutibacterium_or_bacillus_like__start_m1d_p1d__ohe,0.0,0.0,0.0,747.0,1.0,0.006693440428380187,0.0,0.5354477611940298,0.08159381512939634,0.0,0.0,0.0,255.0,1.0,0.00392156862745098,0.0,0.4504310344827586,0.06262242910851495,0.0,0.0,0.0,534.0,1.0,0.016853932584269662,0.0,0.5981941309255079,0.12884473404478886,0.0,0.0,0.0,126.0,1.0,0.007936507936507936,0.0,0.48360655737704916,0.0890870806374748
mic__group_coryneform_or_cutibacterium_or_bacillus_like__start_m1d_p3d__ohe,0.0,0.0,0.0,1249.0,1.0,0.005604483586869495,0.0,0.2232587064676617,0.07468292277515869,0.0,0.0,0.0,396.0,1.0,0.0025252525252525255,0.0,0.14655172413793102,0.05025189076296059,0.0,0.0,0.0,1082.0,1.0,0.024029574861367836,0.0,0.18585402558314523,0.15321177912705947,0.0,0.0,0.0,203.0,1.0,0.009852216748768473,0.0,0.1680327868852459,0.09901233962757897
mic__group_entercoc_aerococ__event_m3d__ohe,0.0,0.0,0.0,1044.0,1.0,0.04118773946360153,0.0,0.35074626865671643,0.198819447675,0.0,0.0,0.0,348.0,1.0,0.040229885057471264,0.0,0.25,0.1967808770464455,0.0,0.0,0.0,1014.0,1.0,0.048323471400394474,0.0,0.23702031602708803,0.21455468219065169,0.0,0.0,0.0,195.0,1.0,0.06666666666666667,0.0,0.20081967213114754,0.2500858958967108
mic__group_entercoc_aerococ__start_m1d_p1d__ohe,0.0,0.0,0.0,747.0,1.0,0.050870147255689425,0.0,0.5354477611940298,0.21987973316492976,0.0,0.0,0.0,255.0,1.0,0.050980392156862744,0.0,0.4504310344827586,0.22039026678317483,0.0,0.0,0.0,534.0,1.0,0.07116104868913857,0.0,0.5981941309255079,0.2573347304739324,0.0,0.0,0.0,126.0,1.0,0.06349206349206349,0.0,0.48360655737704916,0.24481933734186098
mic__group_entercoc_aerococ__start_m1d_p3d__ohe,0.0,0.0,0.0,1249.0,1.0,0.0600480384307446,0.0,0.2232587064676617,0.2376709862193113,0.0,0.0,0.0,396.0,1.0,0.07323232323232323,0.0,0.14655172413793102,0.2608470264460152,0.0,0.0,0.0,1082.0,1.0,0.0767097966728281,0.0,0.18585402558314523,0.2662534923331657,0.0,0.0,0.0,203.0,1.0,0.08374384236453201,0.0,0.1680327868852459,0.2776880745219315
mic__group_enterobacterales__event_m3d__ohe,0.0,0.0,0.0,1044.0,1.0,0.08141762452107279,0.0,0.35074626865671643,0.273606469950128,0.0,0.0,0.0,348.0,1.0,0.09770114942528736,0.0,0.25,0.2973376626784605,0.0,0.0,0.0,1014.0,1.0,0.10552268244575937,0.0,0.23702031602708803,0.3073773288460822,0.0,0.0,0.0,195.0,1.0,0.05641025641025641,0.0,0.20081967213114754,0.2313060985673962
mic__group_enterobacterales__start_m1d_p1d__ohe,0.0,0.0,0.0,747.0,1.0,0.10307898259705489,0.0,0.5354477611940298,0.3042657366932811,0.0,0.0,0.0,255.0,1.0,0.08627450980392157,0.0,0.4504310344827586,0.2813211294783933,0.0,0.0,0.0,534.0,1.0,0.15355805243445692,0.0,0.5981941309255079,0.3608626304939411,0.0,0.0,0.0,126.0,1.0,0.0873015873015873,0.0,0.48360655737704916,0.2834033526926954
mic__group_enterobacterales__start_m1d_p3d__ohe,0.0,0.0,0.0,1249.0,1.0,0.13050440352281825,0.0,0.2232587064676617,0.3369924747906537,0.0,0.0,0.0,396.0,1.0,0.11363636363636363,0.0,0.14655172413793102,0.31777057099149747,0.0,0.0,0.0,1082.0,1.0,0.16820702402957485,0.0,0.18585402558314523,0.3742229959775654,0.0,0.0,0.0,203.0,1.0,0.12315270935960591,0.0,0.1680327868852459,0.3294248082448823
mic__group_hacek_or_nutrient_variant_streptococci__event_m3d__ohe,0.0,0.0,0.0,1044.0,1.0,0.0009578544061302681,0.0,0.35074626865671643,0.030949223029508647,0.0,0.0,0.0,348.0,0.0,0.0,0.0,0.25,0.0,0.0,0.0,0.0,1014.0,0.0,0.0,0.0,0.23702031602708803,0.0,0.0,0.0,0.0,195.0,0.0,0.0,0.0,0.20081967213114754,0.0
mic__group_hospital_pathogens__event_m3d__ohe,0.0,0.0,0.0,1044.0,1.0,0.09291187739463602,0.0,0.35074626865671643,0.2904480419863277,0.0,0.0,0.0,348.0,1.0,0.1752873563218391,0.0,0.25,0.3807601651374876,0.0,0.0,0.0,1014.0,1.0,0.15779092702169625,0.0,0.23702031602708803,0.3647247426265952,0.0,0.0,0.0,195.0,1.0,0.2205128205128205,0.0,0.20081967213114754,0.415659634239143
mic__group_hospital_pathogens__start_m1d_p1d__ohe,0.0,0.0,0.0,747.0,1.0,0.13119143239625167,0.0,0.5354477611940298,0.3378358018152605,0.0,0.0,0.0,255.0,1.0,0.2,0.0,0.4504310344827586,0.40078662809510324,0.0,0.0,0.0,534.0,1.0,0.21348314606741572,0.0,0.5981941309255079,0.41015011517272554,0.0,0.0,1.0,126.0,1.0,0.2619047619047619,0.0,0.48360655737704916,0.44142625981826555
mic__group_hospital_pathogens__start_m1d_p3d__ohe,0.0,0.0,0.0,1249.0,1.0,0.13931144915932747,0.0,0.2232587064676617,0.3464099392781198,0.0,0.0,0.0,396.0,1.0,0.21212121212121213,0.0,0.14655172413793102,0.4093273833857358,0.0,0.0,0.0,1082.0,1.0,0.23105360443622922,0.0,0.18585402558314523,0.42170154302358925,0.0,0.0,1.0,203.0,1.0,0.3448275862068966,0.0,0.1680327868852459,0.4764870883600601
mic__group_moraxella_neisseria_non__start_m1d_p1d__ohe,0.0,0.0,0.0,747.0,0.0,0.0,0.0,0.5354477611940298,0.0,0.0,0.0,0.0,255.0,0.0,0.0,0.0,0.4504310344827586,0.0,0.0,0.0,0.0,534.0,1.0,0.0018726591760299626,0.0,0.5981941309255079,0.04327423224079155,0.0,0.0,0.0,126.0,0.0,0.0,0.0,0.48360655737704916,0.0
mic__group_moraxella_neisseria_non__start_m1d_p3d__ohe,0.0,0.0,0.0,1249.0,0.0,0.0,0.0,0.2232587064676617,0.0,0.0,0.0,0.0,396.0,0.0,0.0,0.0,0.14655172413793102,0.0,0.0,0.0,0.0,1082.0,1.0,0.0009242144177449168,0.0,0.18585402558314523,0.030400895015524083,0.0,0.0,0.0,203.0,0.0,0.0,0.0,0.1680327868852459,0.0
mic__group_negative__event_m3d__ohe,1.0,1.0,1.0,1044.0,1.0,0.9482758620689655,0.0,0.35074626865671643,0.2215756712585911,1.0,1.0,1.0,348.0,1.0,0.9454022988505747,0.0,0.25,0.22752042488774002,1.0,1.0,1.0,1014.0,1.0,0.8629191321499013,0.0,0.23702031602708803,0.34410241962437393,1.0,1.0,1.0,195.0,1.0,0.8871794871794871,0.0,0.20081967213114754,0.31718761495715725
mic__group_negative__start_m1d_p1d__ohe,1.0,1.0,1.0,747.0,1.0,0.8969210174029452,0.0,0.5354477611940298,0.3042657366932811,1.0,1.0,1.0,255.0,1.0,0.9098039215686274,0.0,0.4504310344827586,0.28702581707853414,1.0,1.0,1.0,534.0,1.0,0.7715355805243446,0.0,0.5981941309255079,0.42023700278118103,1.0,1.0,1.0,126.0,1.0,0.8015873015873016,0.0,0.48360655737704916,0.4003966287538649
mic__group_negative__start_m1d_p3d__ohe,1.0,1.0,1.0,1249.0,1.0,0.9407526020816653,0.0,0.2232587064676617,0.236181720146002,1.0,1.0,1.0,396.0,1.0,0.9419191919191919,0.0,0.14655172413793102,0.23419207422698526,1.0,1.0,1.0,1082.0,1.0,0.8262476894639557,0.0,0.18585402558314523,0.3790715636150481,1.0,1.0,1.0,203.0,1.0,0.8472906403940886,0.0,0.1680327868852459,0.36059638343118094
mic__group_non_fermenters__event_m3d__ohe,0.0,0.0,0.0,1044.0,1.0,0.017241379310344827,0.0,0.35074626865671643,0.13023194579324507,0.0,0.0,0.0,348.0,1.0,0.02586206896551724,0.0,0.25,0.1589522736566111,0.0,0.0,0.0,1014.0,1.0,0.01282051282051282,0.0,0.23702031602708803,0.11255505763993484,0.0,0.0,0.0,195.0,1.0,0.041025641025641026,0.0,0.20081967213114754,0.19886008747532827
mic__group_non_fermenters__start_m1d_p1d__ohe,0.0,0.0,0.0,747.0,1.0,0.01740294511378849,0.0,0.5354477611940298,0.13085490047342457,0.0,0.0,0.0,255.0,1.0,0.03137254901960784,0.0,0.4504310344827586,0.17466525473596875,0.0,0.0,0.0,534.0,1.0,0.02247191011235955,0.0,0.5981941309255079,0.14835139739201822,0.0,0.0,0.0,126.0,1.0,0.015873015873015872,0.0,0.48360655737704916,0.12548319308190936
mic__group_non_fermenters__start_m1d_p3d__ohe,0.0,0.0,0.0,1249.0,1.0,0.01921537229783827,0.0,0.2232587064676617,0.13733624008405862,0.0,0.0,0.0,396.0,1.0,0.030303030303030304,0.0,0.14655172413793102,0.17163667570333044,0.0,0.0,0.0,1082.0,1.0,0.018484288354898338,0.0,0.18585402558314523,0.13475682773288683,0.0,0.0,0.0,203.0,1.0,0.034482758620689655,0.0,0.1680327868852459,0.18291669761292892
mic__group_other__event_m3d__ohe,0.0,0.0,0.0,1044.0,1.0,0.044061302681992334,0.0,0.35074626865671643,0.20532970487803373,0.0,0.0,0.0,348.0,1.0,0.05459770114942529,0.0,0.25,0.22752042488774002,0.0,0.0,0.0,1014.0,1.0,0.10059171597633136,0.0,0.23702031602708803,0.30093576494054286,0.0,0.0,0.0,195.0,1.0,0.05128205128205128,0.0,0.20081967213114754,0.221140197719268
mic__group_other__start_m1d_p1d__ohe,0.0,0.0,0.0,747.0,1.0,0.030789825970548863,0.0,0.5354477611940298,0.17286357342422895,0.0,0.0,0.0,255.0,1.0,0.043137254901960784,0.0,0.4504310344827586,0.20356556137970966,0.0,0.0,0.0,534.0,1.0,0.10299625468164794,0.0,0.5981941309255079,0.30423898844043573,0.0,0.0,0.0,126.0,1.0,0.031746031746031744,0.0,0.48360655737704916,0.1760230865089207
mic__group_other__start_m1d_p3d__ohe,0.0,0.0,0.0,1249.0,1.0,0.04323458767013611,0.0,0.2232587064676617,0.2034662218111869,0.0,0.0,0.0,396.0,1.0,0.05303030303030303,0.0,0.14655172413793102,0.22437741507526401,0.0,0.0,0.0,1082.0,1.0,0.12292051756007394,0.0,0.18585402558314523,0.328497787872186,0.0,0.0,0.0,203.0,1.0,0.07881773399014778,0.0,0.1680327868852459,0.27012021760907945
mic__group_viridans__event_m3d__ohe,0.0,0.0,0.0,1044.0,1.0,0.0028735632183908046,0.0,0.35074626865671643,0.05355420646459592,0.0,0.0,0.0,348.0,1.0,0.008620689655172414,0.0,0.25,0.09257970988881144,0.0,0.0,0.0,1014.0,1.0,0.0039447731755424065,0.0,0.23702031602708803,0.06271435822709152,0.0,0.0,0.0,195.0,1.0,0.010256410256410256,0.0,0.20081967213114754,0.10101258417793821
mic__group_viridans__start_m1d_p1d__ohe,0.0,0.0,0.0,747.0,1.0,0.006693440428380187,0.0,0.5354477611940298,0.08159381512939634,0.0,0.0,0.0,255.0,1.0,0.00784313725490196,0.0,0.4504310344827586,0.0883869829882909,0.0,0.0,0.0,534.0,1.0,0.011235955056179775,0.0,0.5981941309255079,0.10550143174706636,0.0,0.0,0.0,126.0,1.0,0.007936507936507936,0.0,0.48360655737704916,0.0890870806374748
mic__group_viridans__start_m1d_p3d__ohe,0.0,0.0,0.0,1249.0,1.0,0.009607686148919135,0.0,0.2232587064676617,0.09758587509367765,0.0,0.0,0.0,396.0,1.0,0.005050505050505051,0.0,0.14655172413793102,0.07097689033600721,0.0,0.0,0.0,1082.0,1.0,0.013863216266173753,0.0,0.18585402558314523,0.1169772377425116,0.0,0.0,0.0,203.0,1.0,0.014778325123152709,0.0,0.1680327868852459,0.12096282516719105
mic__is_blood__event_m3d__any,0.0,1.0,1.0,1044.0,1.0,0.6331417624521073,0.0,0.35074626865671643,0.4821783574351568,0.0,1.0,1.0,348.0,1.0,0.6235632183908046,0.0,0.25,0.485189233736389,0.0,0.0,1.0,1014.0,1.0,0.39349112426035504,0.0,0.23702031602708803,0.4887652325371922,0.0,0.0,1.0,195.0,1.0,0.4205128205128205,0.0,0.20081967213114754,0.4949119921657045
mic__is_blood__start_m1d_p1d__any,0.0,1.0,1.0,747.0,1.0,0.5729585006693441,0.0,0.5354477611940298,0.49497984051011806,0.0,1.0,1.0,255.0,1.0,0.5333333333333333,0.0,0.4504310344827586,0.4998687491774211,0.0,0.0,1.0,534.0,1.0,0.3464419475655431,0.0,0.5981941309255079,0.4762821930251253,0.0,0.0,1.0,126.0,1.0,0.38095238095238093,0.0,0.48360655737704916,0.4875595201760352
mic__is_blood__start_m1d_p3d__any,0.0,1.0,1.0,1249.0,1.0,0.7029623698959168,0.0,0.2232587064676617,0.45713629163271696,0.0,1.0,1.0,396.0,1.0,0.6919191919191919,0.0,0.14655172413793102,0.46228420600795855,0.0,0.0,1.0,1082.0,1.0,0.47966728280961185,0.0,0.18585402558314523,0.4998174321840818,0.0,1.0,1.0,203.0,1.0,0.5812807881773399,0.0,0.1680327868852459,0.4945688541151392
mic__is_positive__blood__event_m3d__any,0.0,0.0,0.0,1044.0,1.0,0.13218390804597702,0.0,0.35074626865671643,0.3388529247213176,0.0,0.0,0.0,348.0,1.0,0.16379310344827586,0.0,0.25,0.37062060696065663,0.0,0.0,0.0,1014.0,1.0,0.1804733727810651,0.0,0.23702031602708803,0.3847710217412835,0.0,0.0,0.0,195.0,1.0,0.17435897435897435,0.0,0.20081967213114754,0.38039449728663655
mic__is_positive__blood__start_m1d_p1d__any,0.0,0.0,0.0,747.0,1.0,0.1566265060240964,0.0,0.5354477611940298,0.3636917846235396,0.0,0.0,0.0,255.0,1.0,0.1607843137254902,0.0,0.4504310344827586,0.36805427501833377,0.0,0.0,0.0,534.0,1.0,0.20224719101123595,0.0,0.5981941309255079,0.40205220127872743,0.0,0.0,0.0,126.0,1.0,0.2222222222222222,0.0,0.48360655737704916,0.41739935579996074
mic__is_positive__blood__start_m1d_p3d__any,0.0,0.0,0.0,1249.0,1.0,0.19615692554043235,0.0,0.2232587064676617,0.3972476957326488,0.0,0.0,0.0,396.0,1.0,0.23232323232323232,0.0,0.14655172413793102,0.4228482764262073,0.0,0.0,0.0,1082.0,1.0,0.2476894639556377,0.0,0.18585402558314523,0.4318700849424135,0.0,0.0,1.0,203.0,1.0,0.2955665024630542,0.0,0.1680327868852459,0.45742504581158044
mic__is_positive__sputum__event_m3d__any,0.0,0.0,0.0,1044.0,1.0,0.20114942528735633,0.0,0.35074626865671643,0.40105161462478833,0.0,0.0,1.0,348.0,1.0,0.2988505747126437,0.0,0.25,0.45841331485145387,0.0,0.0,1.0,1014.0,1.0,0.39250493096646943,0.0,0.23702031602708803,0.488549071170042,0.0,0.0,1.0,195.0,1.0,0.3435897435897436,0.0,0.20081967213114754,0.47612854096675383
mic__is_positive__sputum__start_m1d_p1d__any,0.0,0.0,0.0,747.0,1.0,0.2222222222222222,0.0,0.5354477611940298,0.4160182622420748,0.0,0.0,1.0,255.0,1.0,0.30196078431372547,0.0,0.4504310344827586,0.4600112100989554,0.0,0.0,1.0,534.0,1.0,0.40262172284644193,0.0,0.5981941309255079,0.49088565209188145,0.0,0.0,1.0,126.0,1.0,0.3492063492063492,0.0,0.48360655737704916,0.47862236165829636
mic__is_positive__sputum__start_m1d_p3d__any,0.0,0.0,0.0,1249.0,1.0,0.24979983987189752,0.0,0.2232587064676617,0.4330704792894866,0.0,0.0,1.0,396.0,1.0,0.3282828282828283,0.0,0.14655172413793102,0.47018238401287565,0.0,0.0,1.0,1082.0,1.0,0.46950092421441775,0.0,0.18585402558314523,0.49929972283953566,0.0,0.0,1.0,203.0,1.0,0.47783251231527096,0.0,0.1680327868852459,0.5007432411837246
mic__is_positive__tip__event_m3d__any,0.0,0.0,0.0,1044.0,1.0,0.02490421455938697,0.0,0.35074626865671643,0.15590791349194325,0.0,0.0,0.0,348.0,1.0,0.02586206896551724,0.0,0.25,0.1589522736566111,0.0,0.0,0.0,1014.0,1.0,0.06804733727810651,0.0,0.23702031602708803,0.2519513846457032,0.0,0.0,0.0,195.0,1.0,0.08717948717948718,0.0,0.20081967213114754,0.2828240201630317
mic__is_positive__tip__start_m1d_p1d__any,0.0,0.0,0.0,747.0,1.0,0.01740294511378849,0.0,0.5354477611940298,0.1308549004734246,0.0,0.0,0.0,255.0,1.0,0.023529411764705882,0.0,0.4504310344827586,0.15187572013907571,0.0,0.0,0.0,534.0,1.0,0.0749063670411985,0.0,0.5981941309255079,0.2634870269202208,0.0,0.0,0.0,126.0,1.0,0.07142857142857142,0.0,0.48360655737704916,0.25856748221140036
mic__is_positive__tip__start_m1d_p3d__any,0.0,0.0,0.0,1249.0,1.0,0.02722177742193755,0.0,0.2232587064676617,0.16279425913531215,0.0,0.0,0.0,396.0,1.0,0.03282828282828283,0.0,0.14655172413793102,0.17841235357148696,0.0,0.0,0.0,1082.0,1.0,0.07393715341959335,0.0,0.18585402558314523,0.2617895923852802,0.0,0.0,0.0,203.0,1.0,0.09359605911330049,0.0,0.1680327868852459,0.2919859863452633
mic__is_positive__urine__event_m3d__any,0.0,0.0,0.0,1044.0,1.0,0.02681992337164751,0.0,0.35074626865671643,0.16163427743220063,0.0,0.0,0.0,348.0,1.0,0.02586206896551724,0.0,0.25,0.1589522736566111,0.0,0.0,0.0,1014.0,1.0,0.02465483234714004,0.0,0.23702031602708803,0.15514738142107934,0.0,0.0,0.0,195.0,1.0,0.03076923076923077,0.0,0.20081967213114754,0.17313638946695362
mic__is_positive__urine__start_m1d_p1d__any,0.0,0.0,0.0,747.0,1.0,0.03346720214190094,0.0,0.5354477611940298,0.17997363504579914,0.0,0.0,0.0,255.0,1.0,0.027450980392156862,0.0,0.4504310344827586,0.16371478869190964,0.0,0.0,0.0,534.0,1.0,0.04681647940074907,0.0,0.5981941309255079,0.21144365748532543,0.0,0.0,0.0,126.0,1.0,0.03968253968253968,0.0,0.48360655737704916,0.19599157740244455
mic__is_positive__urine__start_m1d_p3d__any,0.0,0.0,0.0,1249.0,1.0,0.04643714971977582,0.0,0.2232587064676617,0.2105141852905311,0.0,0.0,0.0,396.0,1.0,0.04040404040404041,0.0,0.14655172413793102,0.19715402546178384,0.0,0.0,0.0,1082.0,1.0,0.05268022181146026,0.0,0.18585402558314523,0.2234976099281915,0.0,0.0,0.0,203.0,1.0,0.054187192118226604,0.0,0.1680327868852459,0.2269463766067836
mic__is_sputum__event_m3d__any,1.0,1.0,1.0,1044.0,1.0,0.8275862068965517,0.0,0.35074626865671643,0.3779207347144549,1.0,1.0,1.0,348.0,1.0,0.8103448275862069,0.0,0.25,0.39259264814755396,1.0,1.0,1.0,1014.0,1.0,0.8658777120315582,0.0,0.23702031602708803,0.3409518191439714,1.0,1.0,1.0,195.0,1.0,0.8461538461538461,0.0,0.20081967213114754,0.3617299170795644
mic__is_sputum__start_m1d_p1d__any,1.0,1.0,1.0,747.0,1.0,0.7617135207496654,0.0,0.5354477611940298,0.42632069939325423,1.0,1.0,1.0,255.0,1.0,0.796078431372549,0.0,0.4504310344827586,0.4037037115728405,1.0,1.0,1.0,534.0,1.0,0.7940074906367042,0.0,0.5981941309255079,0.4048042261170783,1.0,1.0,1.0,126.0,1.0,0.8015873015873016,0.0,0.48360655737704916,0.4003966287538649
mic__is_sputum__start_m1d_p3d__any,1.0,1.0,1.0,1249.0,1.0,0.7958366693354684,0.0,0.2232587064676617,0.40325036629506356,1.0,1.0,1.0,396.0,1.0,0.8181818181818182,0.0,0.14655172413793102,0.38618252033249345,1.0,1.0,1.0,1082.0,1.0,0.8160813308687616,0.0,0.18585402558314523,0.3875970050678186,1.0,1.0,1.0,203.0,1.0,0.8078817733990148,0.0,0.1680327868852459,0.39493945621080584
mic__is_tip__event_m3d__any,0.0,0.0,0.0,1044.0,1.0,0.05268199233716475,0.0,0.35074626865671643,0.223504919654439,0.0,0.0,0.0,348.0,1.0,0.05747126436781609,0.0,0.25,0.23307600220316058,0.0,0.0,0.0,1014.0,1.0,0.1341222879684418,0.0,0.23702031602708803,0.3409518191439713,0.0,0.0,0.0,195.0,1.0,0.19487179487179487,0.0,0.20081967213114754,0.3971215490449165
mic__is_tip__start_m1d_p1d__any,0.0,0.0,0.0,747.0,1.0,0.028112449799196786,0.0,0.5354477611940298,0.16540485125287308,0.0,0.0,0.0,255.0,1.0,0.03529411764705882,0.0,0.4504310344827586,0.18488507753303282,0.0,0.0,0.0,534.0,1.0,0.14232209737827714,0.0,0.5981941309255079,0.34970778634953414,0.0,0.0,0.0,126.0,1.0,0.16666666666666666,0.0,0.48360655737704916,0.37416573867739417
mic__is_tip__start_m1d_p3d__any,0.0,0.0,0.0,1249.0,1.0,0.04803843074459568,0.0,0.2232587064676617,0.21393312772284487,0.0,0.0,0.0,396.0,1.0,0.06060606060606061,0.0,0.14655172413793102,0.23890814158390417,0.0,0.0,0.0,1082.0,1.0,0.1377079482439926,0.0,0.18585402558314523,0.34475254329298244,0.0,0.0,0.0,203.0,1.0,0.21674876847290642,0.0,0.1680327868852459,0.4130486401678566
mic__is_urine__event_m3d__any,0.0,0.0,0.0,1044.0,1.0,0.20306513409961685,0.0,0.35074626865671643,0.4024734069582871,0.0,0.0,0.0,348.0,1.0,0.14080459770114942,0.0,0.25,0.34832069224694095,0.0,0.0,0.0,1014.0,1.0,0.07889546351084813,0.0,0.23702031602708803,0.2697085607072714,0.0,0.0,0.0,195.0,1.0,0.08205128205128205,0.0,0.20081967213114754,0.2751492517864752
mic__is_urine__start_m1d_p1d__any,0.0,0.0,0.0,747.0,1.0,0.19143239625167335,0.0,0.5354477611940298,0.39369216641703414,0.0,0.0,0.0,255.0,1.0,0.11372549019607843,0.0,0.4504310344827586,0.31810190503278524,0.0,0.0,0.0,534.0,1.0,0.08614232209737828,0.0,0.5981941309255079,0.28083717376436496,0.0,0.0,0.0,126.0,1.0,0.07142857142857142,0.0,0.48360655737704916,0.25856748221140036
mic__is_urine__start_m1d_p3d__any,0.0,0.0,1.0,1249.0,1.0,0.27862289831865494,0.0,0.2232587064676617,0.44850109283760825,0.0,0.0,0.0,396.0,1.0,0.1893939393939394,0.0,0.14655172413793102,0.39231689124105973,0.0,0.0,0.0,1082.0,1.0,0.14417744916820702,0.0,0.18585402558314523,0.3514320089566354,0.0,0.0,0.0,203.0,1.0,0.12807881773399016,0.0,0.1680327868852459,0.335003699838563
mic__pathgen_high__event_m3d__ohe,0.0,0.0,0.0,1044.0,1.0,0.19061302681992337,0.0,0.35074626865671643,0.3929727980442391,0.0,0.0,1.0,348.0,1.0,0.3017241379310345,0.0,0.25,0.45966710645080644,0.0,0.0,1.0,1014.0,1.0,0.32938856015779094,0.0,0.23702031602708803,0.47022313170517227,0.0,0.0,1.0,195.0,1.0,0.3282051282051282,0.0,0.20081967213114754,0.4707685742368854
mic__pathgen_high__start_m1d_p1d__ohe,0.0,0.0,0.0,747.0,1.0,0.24230254350736277,0.0,0.5354477611940298,0.42876348121305774,0.0,0.0,1.0,255.0,1.0,0.3137254901960784,0.0,0.4504310344827586,0.4649187583941381,0.0,0.0,1.0,534.0,1.0,0.398876404494382,0.0,0.5981941309255079,0.49012638765677524,0.0,0.0,1.0,126.0,1.0,0.35714285714285715,0.0,0.48360655737704916,0.4810702354423639
mic__pathgen_high__start_m1d_p3d__ohe,0.0,0.0,1.0,1249.0,1.0,0.28182546036829464,0.0,0.2232587064676617,0.4500689387635097,0.0,0.0,1.0,396.0,1.0,0.3409090909090909,0.0,0.14655172413793102,0.4746144944024498,0.0,0.0,1.0,1082.0,1.0,0.44731977818853974,0.0,0.18585402558314523,0.4974469763874985,0.0,0.0,1.0,203.0,1.0,0.4827586206896552,0.0,0.1680327868852459,0.5009380071347626
mic__pathgen_low__event_m3d__ohe,0.0,0.0,0.0,1044.0,1.0,0.11302681992337164,0.0,0.35074626865671643,0.3167773296135432,0.0,0.0,0.0,348.0,1.0,0.13218390804597702,0.0,0.25,0.3391782756601372,0.0,0.0,0.0,1014.0,1.0,0.1755424063116371,0.0,0.23702031602708803,0.38061810237870947,0.0,0.0,0.0,195.0,1.0,0.14871794871794872,0.0,0.20081967213114754,0.3567260889130966
mic__pathgen_low__start_m1d_p1d__ohe,0.0,0.0,0.0,747.0,1.0,0.1111111111111111,0.0,0.5354477611940298,0.3144802465010806,0.0,0.0,0.0,255.0,1.0,0.10588235294117647,0.0,0.4504310344827586,0.30829207231570127,0.0,0.0,0.0,534.0,1.0,0.20037453183520598,0.0,0.5981941309255079,0.4006559469082324,0.0,0.0,0.0,126.0,1.0,0.15873015873015872,0.0,0.48360655737704916,0.36688305303348995
mic__pathgen_low__start_m1d_p3d__ohe,0.0,0.0,0.0,1249.0,1.0,0.13530824659727783,0.0,0.2232587064676617,0.34218953072815067,0.0,0.0,0.0,396.0,1.0,0.15656565656565657,0.0,0.14655172413793102,0.36385046759198975,0.0,0.0,0.0,1082.0,1.0,0.21903881700554528,0.0,0.18585402558314523,0.41378624526585844,0.0,0.0,0.0,203.0,1.0,0.2019704433497537,0.0,0.1680327868852459,0.40246278853054557
mic__pathgen_medium__event_m3d__ohe,0.0,0.0,0.0,1044.0,1.0,0.06226053639846743,0.0,0.35074626865671643,0.24174395370023807,0.0,0.0,0.0,348.0,1.0,0.06609195402298851,0.0,0.25,0.24880049446210062,0.0,0.0,0.0,1014.0,1.0,0.0631163708086785,0.0,0.23702031602708803,0.24329214615213848,0.0,0.0,0.0,195.0,1.0,0.1076923076923077,0.0,0.20081967213114754,0.31078933046392393
mic__pathgen_medium__start_m1d_p1d__ohe,0.0,0.0,0.0,747.0,1.0,0.07228915662650602,0.0,0.5354477611940298,0.2591395991082092,0.0,0.0,0.0,255.0,1.0,0.08235294117647059,0.0,0.4504310344827586,0.27544229453602104,0.0,0.0,0.0,534.0,1.0,0.09925093632958802,0.0,0.5981941309255079,0.2992789971767007,0.0,0.0,0.0,126.0,1.0,0.0873015873015873,0.0,0.48360655737704916,0.2834033526926954
mic__pathgen_medium__start_m1d_p3d__ohe,0.0,0.0,0.0,1249.0,1.0,0.08326661329063251,0.0,0.2232587064676617,0.2763954574381556,0.0,0.0,0.0,396.0,1.0,0.10101010101010101,0.0,0.14655172413793102,0.3017233033699013,0.0,0.0,0.0,1082.0,1.0,0.10258780036968576,0.0,0.18585402558314523,0.30356005789661916,0.0,0.0,0.0,203.0,1.0,0.1330049261083744,0.0,0.1680327868852459,0.34041956491017544
mic__pathgen_none__event_m3d__ohe,1.0,1.0,1.0,1044.0,1.0,0.9482758620689655,0.0,0.35074626865671643,0.2215756712585911,1.0,1.0,1.0,348.0,1.0,0.9454022988505747,0.0,0.25,0.22752042488774002,1.0,1.0,1.0,1014.0,1.0,0.8629191321499013,0.0,0.23702031602708803,0.34410241962437393,1.0,1.0,1.0,195.0,1.0,0.8871794871794871,0.0,0.20081967213114754,0.31718761495715725
mic__pathgen_none__start_m1d_p1d__ohe,1.0,1.0,1.0,747.0,1.0,0.8969210174029452,0.0,0.5354477611940298,0.3042657366932811,1.0,1.0,1.0,255.0,1.0,0.9098039215686274,0.0,0.4504310344827586,0.28702581707853414,1.0,1.0,1.0,534.0,1.0,0.7715355805243446,0.0,0.5981941309255079,0.42023700278118103,1.0,1.0,1.0,126.0,1.0,0.8015873015873016,0.0,0.48360655737704916,0.4003966287538649
mic__pathgen_none__start_m1d_p3d__ohe,1.0,1.0,1.0,1249.0,1.0,0.9407526020816653,0.0,0.2232587064676617,0.236181720146002,1.0,1.0,1.0,396.0,1.0,0.9419191919191919,0.0,0.14655172413793102,0.23419207422698526,1.0,1.0,1.0,1082.0,1.0,0.8262476894639557,0.0,0.18585402558314523,0.3790715636150481,1.0,1.0,1.0,203.0,1.0,0.8472906403940886,0.0,0.1680327868852459,0.36059638343118094
mic__pathgen_other__event_m3d__ohe,0.0,0.0,0.0,1044.0,1.0,0.03065134099616858,0.0,0.35074626865671643,0.17245382915700458,0.0,0.0,0.0,348.0,1.0,0.02586206896551724,0.0,0.25,0.15895227365661108,0.0,0.0,0.0,1014.0,1.0,0.1341222879684418,0.0,0.23702031602708803,0.3409518191439713,0.0,0.0,0.0,195.0,1.0,0.08717948717948718,0.0,0.20081967213114754,0.2828240201630317
mic__pathgen_other__start_m1d_p1d__ohe,0.0,0.0,0.0,747.0,1.0,0.01606425702811245,0.0,0.5354477611940298,0.12580693385281239,0.0,0.0,0.0,255.0,1.0,0.01568627450980392,0.0,0.4504310344827586,0.1245030262725638,0.0,0.0,0.0,534.0,1.0,0.0898876404494382,0.0,0.5981941309255079,0.2862889068684343,0.0,0.0,0.0,126.0,1.0,0.10317460317460317,0.0,0.48360655737704916,0.30540111537098436
mic__pathgen_other__start_m1d_p3d__ohe,0.0,0.0,0.0,1249.0,1.0,0.021617293835068056,0.0,0.2232587064676617,0.14548860280735904,0.0,0.0,0.0,396.0,1.0,0.030303030303030304,0.0,0.14655172413793102,0.17163667570333047,0.0,0.0,0.0,1082.0,1.0,0.16081330868761554,0.0,0.18585402558314523,0.3675285414207789,0.0,0.0,0.0,203.0,1.0,0.14285714285714285,0.0,0.1680327868852459,0.35079219298485403
mic__sdd_positive__event_m3d__any,0.0,0.0,0.0,1044.0,0.0,0.0,0.0,0.35074626865671643,0.0,0.0,0.0,0.0,348.0,0.0,0.0,0.0,0.25,0.0,0.0,0.0,0.0,1014.0,1.0,0.047337278106508875,0.0,0.23702031602708803,0.2124640626969594,0.0,0.0,0.0,195.0,1.0,0.046153846153846156,0.0,0.20081967213114754,0.21035825338231606
mic__sdd_positive__start_m1d_p1d__any,0.0,0.0,0.0,747.0,0.0,0.0,0.0,0.5354477611940298,0.0,0.0,0.0,0.0,255.0,0.0,0.0,0.0,0.4504310344827586,0.0,0.0,0.0,0.0,534.0,1.0,0.06179775280898876,0.0,0.5981941309255079,0.24101362777948565,0.0,0.0,0.0,126.0,1.0,0.031746031746031744,0.0,0.48360655737704916,0.1760230865089207
mic__sdd_positive__start_m1d_p3d__any,0.0,0.0,0.0,1249.0,0.0,0.0,0.0,0.2232587064676617,0.0,0.0,0.0,0.0,396.0,0.0,0.0,0.0,0.14655172413793102,0.0,0.0,0.0,0.0,1082.0,1.0,0.04990757855822551,0.0,0.18585402558314523,0.2178547130583058,0.0,0.0,0.0,203.0,1.0,0.029556650246305417,0.0,0.1680327868852459,0.169779415691903
outcome__los_hosp__days,16.08315972222222,30.691666666666666,54.371180555555554,1608.0,484.65277777777777,42.4858550131288,1.6472222222222221,0.0,42.39612996173151,14.963888888888889,26.29756944444444,54.49149305555556,464.0,484.65277777777777,40.96852550287356,3.8784722222222223,0.0,43.475520341154514,19.504166666666666,34.019444444444446,58.96111111111111,1329.0,297.6020833333333,45.47151732714656,1.9388888888888889,0.0,37.838907494919866,26.73229166666667,44.48472222222222,70.246875,244.0,297.6020833333333,55.13206113387978,3.6569444444444446,0.0,40.673369917094675
outcome__los_icu__days,6.942534722222222,13.377083333333333,27.81736111111111,1608.0,225.08263888888888,22.67305486456606,1.2215277777777778,0.0,29.549712116523654,10.522743055555555,17.326388888888886,31.305208333333333,464.0,207.76458333333332,24.814101412835246,2.7305555555555556,0.0,23.962510764232583,9.019444444444444,19.40138888888889,37.00486111111111,1329.0,188.95,28.517570123735467,1.332638888888889,0.0,28.967156328664334,17.471180555555556,30.66840277777778,55.7125,244.0,188.95,40.766623975409836,1.8416666666666666,0.0,32.97701353426939
outcome_is_primary_series,0.0,0.0,0.0,1608.0,1.0,0.22512437810945274,0.0,0.0,0.41779414152749567,0.0,0.0,0.0,464.0,1.0,0.1853448275862069,0.0,0.0,0.38899645161419755,0.0,0.0,0.0,1329.0,1.0,0.22573363431151242,0.0,0.0,0.41822191544939197,0.0,0.0,0.25,244.0,1.0,0.25,0.0,0.0,0.4339027597725919
outcome_mortality_adm_30d,0.0,0.0,0.0,1608.0,1.0,0.15422885572139303,0.0,0.0,0.361280344202519,0.0,0.0,1.0,464.0,1.0,0.3081896551724138,0.0,0.0,0.4622437514639689,0.0,0.0,0.0,1329.0,1.0,0.13393528969149737,0.0,0.0,0.3407109841567857,0.0,0.0,0.0,244.0,1.0,0.1762295081967213,0.0,0.0,0.38179849007941036
outcome_mortality_adm_90d,0.0,0.0,1.0,1608.0,1.0,0.27114427860696516,0.0,0.0,0.44468869607879996,0.0,0.0,1.0,464.0,1.0,0.45689655172413796,0.0,0.0,0.4986762845689972,0.0,0.0,0.0,1329.0,1.0,0.22498118886380739,0.0,0.0,0.41772712649062627,0.0,0.0,1.0,244.0,1.0,0.28688524590163933,0.0,0.0,0.45323724829079404
outcome_mortality_in_72h,0.0,0.0,0.0,1608.0,0.0,0.0,0.0,0.0,0.0,0.0,0.0,0.0,464.0,1.0,0.036637931034482756,0.0,0.0,0.1880739892339706,0.0,0.0,0.0,1329.0,0.0,0.0,0.0,0.0,0.0,0.0,0.0,0.0,244.0,1.0,0.02459016393442623,0.0,0.0,0.15519082924934896
outcome_next_atc__g2__a0__ohe,0.0,0.0,0.0,1608.0,0.0,0.0,0.0,0.0,0.0,0.0,0.0,0.0,464.0,1.0,0.00646551724137931,0.0,0.0,0.08023458382269186,0.0,0.0,0.0,1329.0,0.0,0.0,0.0,0.0,0.0,0.0,0.0,0.0,244.0,1.0,0.020491803278688523,0.0,0.0,0.14196650888315676
outcome_next_atc__g2__c0__ohe,0.0,0.0,0.0,1608.0,0.0,0.0,0.0,0.0,0.0,0.0,0.0,0.0,464.0,1.0,0.09698275862068965,0.0,0.0,0.29625369965909965,0.0,0.0,0.0,1329.0,0.0,0.0,0.0,0.0,0.0,0.0,0.0,0.0,244.0,1.0,0.040983606557377046,0.0,0.0,0.19865974731535355
outcome_next_atc__g2__c1__ohe,0.0,0.0,0.0,1608.0,0.0,0.0,0.0,0.0,0.0,0.0,0.0,0.0,464.0,1.0,0.19827586206896552,0.0,0.0,0.39913140219676724,0.0,0.0,0.0,1329.0,0.0,0.0,0.0,0.0,0.0,0.0,0.0,1.0,244.0,1.0,0.4098360655737705,0.0,0.0,0.49281418063638194
outcome_next_atc__g2__d0__ohe,0.0,0.0,0.0,1608.0,0.0,0.0,0.0,0.0,0.0,0.0,1.0,1.0,464.0,1.0,0.5323275862068966,0.0,0.0,0.49949236910763,0.0,0.0,0.0,1329.0,0.0,0.0,0.0,0.0,0.0,0.0,0.0,0.0,244.0,1.0,0.20081967213114754,0.0,0.0,0.4014369050638184
outcome_next_atc__g2__d1__ohe,0.0,0.0,0.0,1608.0,0.0,0.0,0.0,0.0,0.0,0.0,0.0,0.0,464.0,1.0,0.08836206896551724,0.0,0.0,0.2841270788162586,0.0,0.0,0.0,1329.0,0.0,0.0,0.0,0.0,0.0,0.0,0.0,0.0,244.0,1.0,0.06967213114754098,0.0,0.0,0.2551169647871119
outcome_next_atc__g2__e0__ohe,0.0,0.0,0.0,1608.0,0.0,0.0,0.0,0.0,0.0,0.0,0.0,0.0,464.0,1.0,0.023706896551724137,0.0,0.0,0.1522986163707575,0.0,0.0,0.0,1329.0,0.0,0.0,0.0,0.0,0.0,0.0,0.0,0.0,244.0,1.0,0.09016393442622951,0.0,0.0,0.2870052080987636
outcome_next_atc__g2__f0__ohe,0.0,0.0,0.0,1608.0,0.0,0.0,0.0,0.0,0.0,0.0,0.0,0.0,464.0,1.0,0.015086206896551725,0.0,0.0,0.12202747762410117,0.0,0.0,0.0,1329.0,0.0,0.0,0.0,0.0,0.0,0.0,0.0,0.0,244.0,1.0,0.03278688524590164,0.0,0.0,0.17844440890679028
outcome_next_atc__g2__g0__ohe,0.0,0.0,0.0,1608.0,0.0,0.0,0.0,0.0,0.0,0.0,0.0,0.0,464.0,1.0,0.004310344827586207,0.0,0.0,0.0655822783038728,0.0,0.0,0.0,1329.0,0.0,0.0,0.0,0.0,0.0,0.0,0.0,0.0,244.0,0.0,0.0,0.0,0.0,0.0
outcome_next_atc__g2__m0__ohe,0.0,0.0,0.0,1608.0,0.0,0.0,0.0,0.0,0.0,0.0,0.0,0.0,464.0,1.0,0.07758620689655173,0.0,0.0,0.26780806346899905,0.0,0.0,0.0,1329.0,0.0,0.0,0.0,0.0,0.0,0.0,0.0,0.0,244.0,1.0,0.13524590163934427,0.0,0.0,0.342688986914785
outcome_next_atc__g2__x0__ohe,0.0,0.0,0.0,1608.0,0.0,0.0,0.0,0.0,0.0,0.0,0.0,0.0,464.0,1.0,0.20905172413793102,0.0,0.0,0.40707029646059883,0.0,0.0,0.0,1329.0,0.0,0.0,0.0,0.0,0.0,0.0,0.0,0.0,244.0,1.0,0.18442622950819673,0.0,0.0,0.3886285883986204
outcome_next_atc__g2__x1__ohe,0.0,0.0,0.0,1608.0,0.0,0.0,0.0,0.0,0.0,0.0,0.0,0.0,464.0,1.0,0.05387931034482758,0.0,0.0,0.22602307476661126,0.0,0.0,0.0,1329.0,0.0,0.0,0.0,0.0,0.0,0.0,0.0,0.0,244.0,1.0,0.02459016393442623,0.0,0.0,0.15519082924934896
outcome_next_atc__groups__j01a__ohe,0.0,0.0,0.0,1608.0,0.0,0.0,0.0,0.0,0.0,0.0,0.0,0.0,464.0,1.0,0.00646551724137931,0.0,0.0,0.08023458382269186,0.0,0.0,0.0,1329.0,0.0,0.0,0.0,0.0,0.0,0.0,0.0,0.0,244.0,1.0,0.020491803278688523,0.0,0.0,0.14196650888315676
outcome_next_atc__groups__j01c__ohe,0.0,0.0,0.0,1608.0,0.0,0.0,0.0,0.0,0.0,0.0,0.0,1.0,464.0,1.0,0.29310344827586204,0.0,0.0,0.45567677110963695,0.0,0.0,0.0,1329.0,0.0,0.0,0.0,0.0,0.0,0.0,0.0,1.0,244.0,1.0,0.45081967213114754,0.0,0.0,0.4985981833280173
outcome_next_atc__groups__j01d__ohe,0.0,0.0,0.0,1608.0,0.0,0.0,0.0,0.0,0.0,0.0,1.0,1.0,464.0,1.0,0.6163793103448276,0.0,0.0,0.4867921116006154,0.0,0.0,0.0,1329.0,0.0,0.0,0.0,0.0,0.0,0.0,0.0,1.0,244.0,1.0,0.27049180327868855,0.0,0.0,0.44512698046638516
outcome_next_atc__groups__j01e__ohe,0.0,0.0,0.0,1608.0,0.0,0.0,0.0,0.0,0.0,0.0,0.0,0.0,464.0,1.0,0.023706896551724137,0.0,0.0,0.1522986163707575,0.0,0.0,0.0,1329.0,0.0,0.0,0.0,0.0,0.0,0.0,0.0,0.0,244.0,1.0,0.09016393442622951,0.0,0.0,0.2870052080987636
outcome_next_atc__groups__j01f__ohe,0.0,0.0,0.0,1608.0,0.0,0.0,0.0,0.0,0.0,0.0,0.0,0.0,464.0,1.0,0.015086206896551725,0.0,0.0,0.12202747762410117,0.0,0.0,0.0,1329.0,0.0,0.0,0.0,0.0,0.0,0.0,0.0,0.0,244.0,1.0,0.03278688524590164,0.0,0.0,0.17844440890679028
outcome_next_atc__groups__j01g__ohe,0.0,0.0,0.0,1608.0,0.0,0.0,0.0,0.0,0.0,0.0,0.0,0.0,464.0,1.0,0.004310344827586207,0.0,0.0,0.0655822783038728,0.0,0.0,0.0,1329.0,0.0,0.0,0.0,0.0,0.0,0.0,0.0,0.0,244.0,0.0,0.0,0.0,0.0,0.0
outcome_next_atc__groups__j01m__ohe,0.0,0.0,0.0,1608.0,0.0,0.0,0.0,0.0,0.0,0.0,0.0,0.0,464.0,1.0,0.07758620689655173,0.0,0.0,0.26780806346899905,0.0,0.0,0.0,1329.0,0.0,0.0,0.0,0.0,0.0,0.0,0.0,0.0,244.0,1.0,0.13524590163934427,0.0,0.0,0.342688986914785
outcome_next_atc__groups__j01x__ohe,0.0,0.0,0.0,1608.0,0.0,0.0,0.0,0.0,0.0,0.0,0.0,0.0,464.0,1.0,0.05387931034482758,0.0,0.0,0.22602307476661126,0.0,0.0,0.0,1329.0,0.0,0.0,0.0,0.0,0.0,0.0,0.0,0.0,244.0,1.0,0.02459016393442623,0.0,0.0,0.15519082924934896
outcome_next_atc__groups__j01z__ohe,0.0,0.0,0.0,1608.0,0.0,0.0,0.0,0.0,0.0,0.0,0.0,0.0,464.0,1.0,0.20905172413793102,0.0,0.0,0.40707029646059883,0.0,0.0,0.0,1329.0,0.0,0.0,0.0,0.0,0.0,0.0,0.0,0.0,244.0,1.0,0.18442622950819673,0.0,0.0,0.3886285883986204
outcome_next_atc__groups__none__ohe,1.0,1.0,1.0,1608.0,1.0,1.0,1.0,0.0,0.0,0.0,0.0,0.0,464.0,0.0,0.0,0.0,0.0,0.0,1.0,1.0,1.0,1329.0,1.0,1.0,1.0,0.0,0.0,0.0,0.0,0.0,244.0,0.0,0.0,0.0,0.0,0.0
outcome_on_icu_restart,0.0,0.0,0.0,1608.0,1.0,0.2493781094527363,0.0,0.0,0.43278765148921605,1.0,1.0,1.0,464.0,1.0,1.0,1.0,0.0,0.0,0.0,0.0,1.0,1329.0,1.0,0.27539503386004516,0.0,0.0,0.4468812758487813,1.0,1.0,1.0,244.0,1.0,1.0,1.0,0.0,0.0
outcome_readmission_in_72h,0.0,0.0,0.0,1608.0,1.0,0.06343283582089553,0.0,0.0,0.24381566831504248,0.0,0.0,0.0,464.0,1.0,0.04956896551724138,0.0,0.0,0.21728699156223613,0.0,0.0,0.0,1329.0,1.0,0.051166290443942816,0.0,0.0,0.2204197328322632,0.0,0.0,0.0,244.0,1.0,0.045081967213114756,0.0,0.0,0.2079104187502895
outcome_restart_in_72h,0.0,0.0,0.0,1608.0,1.0,0.10696517412935323,0.0,0.0,0.30916511423381926,1.0,1.0,1.0,464.0,1.0,1.0,1.0,0.0,0.0,0.0,0.0,0.0,1329.0,1.0,0.057938299473288185,0.0,0.0,0.23371468379007337,1.0,1.0,1.0,244.0,1.0,1.0,1.0,0.0,0.0
outcome_restart_in_72h_on_icu,0.0,0.0,0.0,1608.0,0.0,0.0,0.0,0.0,0.0,1.0,1.0,1.0,464.0,1.0,1.0,1.0,0.0,0.0,0.0,0.0,0.0,1329.0,0.0,0.0,0.0,0.0,0.0,1.0,1.0,1.0,244.0,1.0,1.0,1.0,0.0,0.0
outcome_restart_same_antibiotic,0.0,0.0,0.0,1608.0,0.0,0.0,0.0,0.0,0.0,0.0,1.0,1.0,464.0,1.0,0.5711206896551724,0.0,0.0,0.49545017869712543,0.0,0.0,0.0,1329.0,0.0,0.0,0.0,0.0,0.0,0.0,1.0,1.0,244.0,1.0,0.5942622950819673,0.0,0.0,0.49204355595751886
outcome_restart_same_antibiotic_g2,0.0,0.0,0.0,1608.0,0.0,0.0,0.0,0.0,0.0,0.0,1.0,1.0,464.0,1.0,0.6767241379310345,0.0,0.0,0.4682318671375784,0.0,0.0,0.0,1329.0,0.0,0.0,0.0,0.0,0.0,0.0,1.0,1.0,244.0,1.0,0.6311475409836066,0.0,0.0,0.48348562389428595
outcome_restart_same_antibiotic_group,0.0,0.0,0.0,1608.0,0.0,0.0,0.0,0.0,0.0,0.0,1.0,1.0,464.0,1.0,0.7112068965517241,0.0,0.0,0.45369070666848094,0.0,0.0,0.0,1329.0,0.0,0.0,0.0,0.0,0.0,0.0,1.0,1.0,244.0,1.0,0.6557377049180327,0.0,0.0,0.47610373049776444
outcome_safely_stopped,1.0,1.0,1.0,1608.0,1.0,0.9365671641791045,0.0,0.0,0.24381566831504248,0.0,0.0,0.0,464.0,0.0,0.0,0.0,0.0,0.0,1.0,1.0,1.0,1329.0,1.0,0.9488337095560572,0.0,0.0,0.2204197328322632,0.0,0.0,0.0,244.0,0.0,0.0,0.0,0.0,0.0
outcome_timedelta_mortality,10.297916666666666,30.24652777777778,198.89409722222223,667.0,2238.241666666667,227.39100588594593,3.310416666666667,0.5851990049751243,419.76093513989355,6.651909722222222,13.368402777777778,43.45243055555555,258.0,2192.6666666666665,112.6005060292851,1.3569444444444445,0.44396551724137934,304.56663337814774,12.285416666666666,32.40069444444445,160.59375,489.0,2238.813888888889,179.11418285616904,3.310416666666667,0.6320541760722348,332.70071882848225,8.42361111111111,20.354166666666668,77.41388888888889,103.0,2247.4972222222223,144.82098166127292,2.3506944444444446,0.5778688524590164,348.30914095163854
outcome_timedelta_previous_series_stop,2.01875,3.8256944444444443,9.026388888888889,653.0,1568.182638888889,28.929933426918502,1.1027777777777779,0.5939054726368159,128.26391348829551,1.8053819444444446,2.9378472222222225,6.185590277777777,196.0,1863.0618055555556,32.785806405895684,1.1083333333333334,0.5775862068965517,165.16566081380068,2.462847222222222,5.290972222222222,11.333680555555556,467.0,861.2243055555556,24.046808827028315,1.1083333333333334,0.6486079759217457,93.42632300937326,1.4871527777777778,3.259027777777778,8.227604166666667,126.0,766.0104166666666,18.384341931216934,1.1006944444444444,0.48360655737704916,95.57675268600413
outcome_timedelta_readmission,-9.143923611111111,16.327083333333334,128.12743055555555,316.0,1508.4243055555555,147.27395393811534,-81.73680555555555,0.8034825870646766,311.66922588101613,-6.523611111111111,16.04375,91.17152777777778,73.0,1364.3416666666667,121.57658866057841,-79.68472222222222,0.8426724137931034,265.5065970327284,-14.066145833333334,21.60590277777778,73.8515625,188.0,1595.6986111111112,72.0492464539007,-257.0451388888889,0.8585402558314522,211.0947417229133,-12.427083333333334,61.30277777777778,98.47152777777778,33.0,889.4256944444444,98.57420033670033,-194.71458333333334,0.8647540983606558,240.99621552809316
outcome_timedelta_restart,3.7597222222222224,6.496527777777778,12.436111111111112,941.0,1508.1743055555555,24.491061518479157,0.7520833333333333,0.4148009950248756,106.96721220232666,1.3585069444444444,1.8204861111111112,2.4100694444444444,464.0,3.2958333333333334,1.920102969348659,0.17430555555555555,0.0,0.6359722430536691,4.531944444444444,8.35,15.82013888888889,669.0,1054.2125,24.247215994020927,1.1097222222222223,0.4966139954853273,88.57093238313816,1.3340277777777778,1.7486111111111111,2.362673611111111,244.0,3.2916666666666665,1.9212460154826958,1.1006944444444444,0.0,0.6618483398957781
outcome_timedelta_restart__days,3.7597222222222224,6.496527777777778,12.436111111111112,941.0,1508.1743055555555,24.491061518479157,0.7520833333333333,0.4148009950248756,106.96721220232666,1.3585069444444444,1.8204861111111112,2.4100694444444444,464.0,3.2958333333333334,1.920102969348659,0.17430555555555555,0.0,0.6359722430536691,4.531944444444444,8.35,15.82013888888889,669.0,1054.2125,24.247215994020927,1.1097222222222223,0.4966139954853273,88.57093238313816,1.3340277777777778,1.7486111111111111,2.362673611111111,244.0,3.2916666666666665,1.9212460154826958,1.1006944444444444,0.0,0.6618483398957781
ph__arterial__event_m1d__max,7.440000057220459,7.480000019073486,7.510000228881836,1528.0,7.690000057220459,7.4715117731019465,6.949999809265137,0.04975124378109453,0.06374892009518053,7.420000076293945,7.46999979019165,7.510000228881836,454.0,7.630000114440918,7.46081496650427,7.199999809265137,0.021551724137931036,0.06776143179839067,7.420000076293945,7.460000038146973,7.489999771118164,1235.0,7.635000228881836,7.447383779070155,7.170000076293945,0.07072987208427389,0.0603448830857305,7.400000095367432,7.449999809265137,7.489999771118164,230.0,7.579999923706055,7.441834764895232,7.130000114440918,0.05737704918032787,0.06787282990058709
ph__arterial__event_m1d__min,7.360000133514404,7.429999828338623,7.46999979019165,1528.0,7.570000171661377,7.4034096623590475,6.760000228881836,0.04975124378109453,0.09419124488181325,7.3125,7.389999866485596,7.449999809265137,454.0,7.579999923706055,7.370506601711727,6.679999828338623,0.021551724137931036,0.11534363560700722,7.325500011444092,7.389999866485596,7.440000057220459,1235.0,7.559999942779541,7.3704850061702345,6.869999885559082,0.07072987208427389,0.09173338996586557,7.300000190734863,7.369999885559082,7.429999828338623,230.0,7.539999961853027,7.358017382414444,7.019999980926514,0.05737704918032787,0.09562104318819177
resp_rate__event_m1d__last,17.0,22.0,27.0,1097.0,62.0,22.379216043755697,0.0,0.3177860696517413,7.793423563794405,18.0,23.0,28.0,391.0,78.0,23.982097186700766,0.0,0.15732758620689655,8.341873779591316,18.799999237060547,23.100000381469727,28.0,921.0,54.599998474121094,23.501302941743766,0.0,0.30699774266365687,6.694419987410605,19.874999523162842,24.050000190734863,28.050000190734863,184.0,61.900001525878906,24.532608731933262,8.399999618530273,0.2459016393442623,7.409027301275959
resp_rate__event_m1d__trend,-0.22076767612622977,-0.015875605833281136,0.16878264655612227,1044.0,54.0,0.129628231384006,-8.428571428571429,0.35074626865671643,2.5148110658657044,-0.20303951367781164,0.014629218866422038,0.20020855057351408,381.0,7.8,-0.04292725194553368,-16.0,0.1788793103448276,1.1755283653444462,-0.15040842262845217,0.0045273256440659685,0.15151610436963814,899.0,8.297424048640877,0.025623920679875817,-16.799995420407505,0.3235515425131678,1.0221746235264322,-0.10004376390705938,0.020266317297957234,0.17148175553031136,176.0,3.4399999618530273,0.03330846006472898,-10.593193217839467,0.2786885245901639,0.9136619605426785
resp_rate__start_p1d__last,17.0,22.0,28.0,1140.0,65.0,22.63745613934701,0.0,0.291044776119403,8.449717546534869,17.0,22.0,28.0,363.0,72.0,23.25068870523416,0.0,0.21767241379310345,8.37587091667324,19.0,23.0,28.0,926.0,55.79999923706055,23.37969761816523,0.0,0.30323551542513166,6.645946411388168,19.0,24.0,28.399999618530273,181.0,61.900001525878906,24.009944768241755,7.800000190734863,0.2581967213114754,7.338657991708539
sedation__event_m3d__any,0.0,0.0,1.0,1608.0,1.0,0.3389303482587065,0.0,0.0,0.4734933924106079,0.0,0.0,1.0,464.0,1.0,0.3577586206896552,0.0,0.0,0.47985794551480265,0.0,0.0,1.0,1329.0,1.0,0.3792325056433409,0.0,0.0,0.48537870039589626,0.0,0.0,1.0,244.0,1.0,0.4098360655737705,0.0,0.0,0.49281418063638194
sedation__event_m3d_m1d__any_increase_above_50p,0.0,0.0,0.0,1608.0,1.0,0.12064676616915423,0.0,0.0,0.3258176516170962,0.0,0.0,0.0,464.0,1.0,0.1336206896551724,0.0,0.0,0.3406115616688663,0.0,0.0,0.0,1329.0,1.0,0.12264860797592174,0.0,0.0,0.3281569068249689,0.0,0.0,0.0,244.0,1.0,0.11885245901639344,0.0,0.0,0.32428001089672387
sedation__start_p1d__any,0.0,0.0,0.0,1608.0,1.0,0.22139303482587064,0.0,0.0,0.41531364775605356,0.0,0.0,0.0,464.0,1.0,0.23060344827586207,0.0,0.0,0.4216736965213454,0.0,0.0,0.0,1329.0,1.0,0.2054176072234763,0.0,0.0,0.40415853499167836,0.0,0.0,0.0,244.0,1.0,0.2459016393442623,0.0,0.0,0.43150565012272596
start_on_icu,1.0,1.0,1.0,1608.0,1.0,0.7817164179104478,0.0,0.0,0.4132094417388205,1.0,1.0,1.0,464.0,1.0,0.8168103448275862,0.0,0.0,0.3872394387968613,0.0,1.0,1.0,1329.0,1.0,0.7155756207674944,0.0,0.0,0.4513096610179058,1.0,1.0,1.0,244.0,1.0,0.7827868852459017,0.0,0.0,0.4131964374955121
temperature__event_m1d__max,37.099998474121094,37.599998474121094,38.20000076293945,998.0,42.70000076293945,37.66683362911125,31.799999237060547,0.3793532338308458,0.9421119799290215,37.099998474121094,37.64999961853027,38.400001525878906,310.0,41.20000076293945,37.75774205115534,34.70000076293945,0.33189655172413796,0.9404199523777192,36.79999923706055,37.29999923706055,37.900001525878906,1308.0,40.400001525878906,37.401681935021635,35.0,0.01580135440180587,0.8142458825431307,37.0,37.5,38.0,241.0,40.099998474121094,37.53402496274576,34.70000076293945,0.012295081967213115,0.8987978218606207
temperature__event_m1d__trend,-0.03029463119241331,-0.001231460556889898,0.02500158202027839,923.0,3.25714247567313,-0.000371112283718563,-2.0,0.4259950248756219,0.16438739831954802,-0.023394814011357,0.003637813772846733,0.034225641305756636,294.0,7.400001525878906,0.03537294228107233,-0.3992481805328139,0.36637931034482757,0.4388604909915216,-0.023255725239598474,0.001247972647405713,0.0235292771283318,1233.0,1.5966493173972849,0.003440447406535251,-0.7058850456879936,0.07223476297968397,0.08264296295837018,-0.02429822687506777,0.0012788575110859474,0.025342539565203943,235.0,0.2078949777703536,-0.0003022466623796853,-0.1884359327221553,0.036885245901639344,0.048476381389292424
temperature__start_p1d__max,37.20000076293945,37.79999923706055,38.599998474121094,989.0,42.79999923706055,37.90728009554687,33.29999923706055,0.3849502487562189,1.045032336216932,37.099998474121094,37.70000076293945,38.400001525878906,286.0,41.79999923706055,37.712237824926845,25.399999618530273,0.38362068965517243,1.4158838481732448,37.0,37.599998474121094,38.29999923706055,1183.0,41.099998474121094,37.64404058899803,33.20000076293945,0.10985703536493605,1.0510310089045973,37.099998474121094,37.599998474121094,38.29999923706055,227.0,40.5,37.70396478795795,35.0,0.06967213114754098,0.9426623549595757
trombocytes__event_m3d__last,145.0,240.0,355.5,1559.0,1000.0,265.8627325208467,10.0,0.030472636815920398,165.78407594269794,114.0,212.0,317.0,448.0,1000.0,233.75446428571428,10.0,0.034482758620689655,154.17671222659067,171.0,270.0,380.0,1306.0,972.0,288.281010719755,1.0,0.01730624529721595,168.97944709198828,154.0,259.0,392.0,243.0,812.0,283.2880658436214,3.0,0.004098360655737705,174.74730085042242
trombocytes__event_m3d__trend,-0.6886299503402045,0.15423285369045264,1.0924976631926366,1422.0,96.25108979580374,0.2543502335995153,-38.55421686695861,0.11567164179104478,3.7972697861086084,-0.6261476510089252,0.10426574594798005,0.9453742927940436,423.0,420.77922089627623,0.5588479610179812,-299.1358291435018,0.08836206896551724,25.471093137491977,-0.5865837978451257,0.23165166328159142,1.0649807924717036,1260.0,405.0704225473452,-0.11283779200320337,-450.0000001047738,0.05191873589164785,17.625198932481634,-0.5958637814502366,0.08664259927783269,1.0938137580778151,235.0,7.47318801608396,0.20602576911882606,-8.50113051580923,0.036885245901639344,1.72670822798474
